scalerank	featurecla	labelrank	sovereignt	sov_a3	adm0_dif	level	type	admin	adm0_a3	geou_dif	geounit	gu_a3	su_dif	subunit	su_a3	brk_diff	name	name_long	brk_a3	brk_name	brk_group	abbrev	postal	formal_en	formal_fr	note_adm0	note_brk	name_sort	name_alt	mapcolor7	mapcolor8	mapcolor9	mapcolor13	pop_est	gdp_md_est	pop_year	lastcensus	gdp_year	economy	income_grp	wikipedia	fips_10	iso_a2	iso_a3	iso_n3	un_a3	wb_a2	wb_a3	woe_id	adm0_a3_is	adm0_a3_us	adm0_a3_un	adm0_a3_wb	continent	region_un	subregion	region_wb	name_len	long_len	abbrev_len	tiny	homepart
5	Admin-0 country	5	Australia	AU1	1	2	Dependency	Indian Ocean Territories	IOA	0	Indian Ocean Territories	IOA	0	Indian Ocean Territories	IOA	0	Indian Ocean Ter.	Indian Ocean Territories	IOA	Indian Ocean Ter.		Ind. Oc. Ter.	IOT			Auz.		Indian Ocean Territories		1	2	2	7	2069	31.035	-99	-99	-99	2. Developed region: nonG7	2. High income: nonOECD	-99		-99	-99	-99	-099	-99	-99	-99	AUS	AUS	-99	-99	Asia	Seven seas (open ocean)	Seven seas (open ocean)	East Asia & Pacific	17	24	13	-99	-99
1	Admin-0 country	5	Kashmir	KAS	0	2	Indeterminate	Siachen Glacier	KAS	0	Siachen Glacier	KAS	0	Siachen Glacier	KAS	1	Siachen Glacier	Siachen Glacier	B45	Siachen Glacier	Jammu and Kashmir	Siachen	SG				Claimed by Pakistan and India	Kashmir		3	7	6	-99	6000	15	-99	-99	-99	6. Developing region	4. Lower middle income	-99		-99	-99	-99	-099	-99	-99	-99	-99	KAS	-99	-99	Asia	Asia	Southern Asia	South Asia	15	15	7	-99	1
1	Admin-0 country	6	Kosovo	KOS	0	2	Sovereign country	Kosovo	KOS	0	Kosovo	KOS	0	Kosovo	KOS	1	Kosovo	Kosovo	B57	Kosovo		Kos.	KO	Republic of Kosovo			Self admin.; Claimed by Serbia	Kosovo		2	2	3	11	1804838	5352	-99	1981	-99	6. Developing region	4. Lower middle income	-99		-99	-99	-99	-099	KV	KSV	-99	SRB	KOS	-99	-99	Europe	Europe	Southern Europe	Europe & Central Asia	6	6	4	-99	1
1	Admin-0 country	5	Somaliland	SOL	0	2	Indeterminate	Somaliland	SOL	0	Somaliland	SOL	0	Somaliland	SOL	1	Somaliland	Somaliland	B30	Somaliland		Solnd.	SL	Republic of Somaliland		Self admin.	Self admin.; Claimed by Somalia	Somaliland		3	6	5	2	3500000	12250	-99	-99	-99	6. Developing region	4. Lower middle income	-99		-99	-99	-99	-099	-99	-99	-99	SOM	SOM	-99	-99	Africa	Africa	Eastern Africa	Sub-Saharan Africa	10	10	6	-99	1
1	Admin-0 country	6	Northern Cyprus	CYN	0	2	Sovereign country	Northern Cyprus	CYN	0	Northern Cyprus	CYN	0	Northern Cyprus	CYN	1	N. Cyprus	Northern Cyprus	B20	N. Cyprus		N. Cy.	CN	Turkish Republic of Northern Cyprus		Self admin.	Self admin.; Claimed by Cyprus	Cyprus, Northern		3	1	4	8	265100	3600	-99	-99	-99	6. Developing region	3. Upper middle income	-99		-99	-99	-99	-099	-99	-99	-99	CYP	CYP	-99	-99	Asia	Asia	Western Asia	Europe & Central Asia	9	15	6	-99	1
5	Admin-0 country	5	Australia	AU1	1	2	Dependency	Ashmore and Cartier Islands	ATC	0	Ashmore and Cartier Islands	ATC	0	Ashmore and Cartier Islands	ATC	0	Ashmore and Cartier Is.	Ashmore and Cartier Islands	ATC	Ashmore and Cartier Is.		A.C.Is.	AU	Territory of Ashmore and Cartier Islands		Auz.		Ashmore and Cartier Islands		1	2	2	7	-99	-99	-99	-99	-99	7. Least developed region	5. Low income	-99		-99	-99	036	-099	-99	-99	-99	AUS	ATC	-99	-99	Oceania	Oceania	Australia and New Zealand	East Asia & Pacific	23	27	7	-99	-99
3	Admin-0 country	5	Netherlands	NL1	1	2	Country	Aruba	ABW	0	Aruba	ABW	0	Aruba	ABW	0	Aruba	Aruba	ABW	Aruba		Aruba	AW	Aruba		Neth.		Aruba		4	2	2	9	103065	2258	-99	2010	-99	6. Developing region	2. High income: nonOECD	-99		AW	ABW	533	533	AW	ABW	-99	ABW	ABW	-99	-99	North America	Americas	Caribbean	Latin America & Caribbean	5	5	5	4	-99
1	Admin-0 country	3	Afghanistan	AFG	0	2	Sovereign country	Afghanistan	AFG	0	Afghanistan	AFG	0	Afghanistan	AFG	0	Afghanistan	Afghanistan	AFG	Afghanistan		Afg.	AF	Islamic State of Afghanistan				Afghanistan		5	6	8	7	28400000	22270	-99	1979	-99	7. Least developed region	5. Low income	-99		AF	AFG	004	004	AF	AFG	-99	AFG	AFG	-99	-99	Asia	Asia	Southern Asia	South Asia	11	11	4	-99	1
1	Admin-0 country	3	Angola	AGO	0	2	Sovereign country	Angola	AGO	0	Angola	AGO	0	Angola	AGO	0	Angola	Angola	AGO	Angola		Ang.	AO	People's Republic of Angola				Angola		3	2	6	1	12799293	110300	-99	1970	-99	7. Least developed region	3. Upper middle income	-99		AO	AGO	024	024	AO	AGO	-99	AGO	AGO	-99	-99	Africa	Africa	Middle Africa	Sub-Saharan Africa	6	6	4	-99	1
1	Admin-0 country	6	United Kingdom	GB1	1	2	Dependency	Anguilla	AIA	0	Anguilla	AIA	0	Anguilla	AIA	0	Anguilla	Anguilla	AIA	Anguilla		Ang.	AI			U.K.		Anguilla		6	6	6	3	14436	108.9	-99	-99	-99	6. Developing region	3. Upper middle income	-99		AI	AIA	660	660	-99	-99	-99	AIA	AIA	-99	-99	North America	Americas	Caribbean	Latin America & Caribbean	8	8	4	-99	-99
3	Admin-0 country	6	Finland	FI1	1	2	Country	Aland	ALD	0	Aland	ALD	0	Aland	ALD	0	Aland	Aland Islands	ALD	Aland		Aland	AI	Åland Islands		Fin.		Aland		4	1	4	6	27153	1563	-99	-99	-99	2. Developed region: nonG7	1. High income: OECD	-99		AX	ALA	248	248	-99	-99	-99	ALA	ALD	-99	-99	Europe	Europe	Northern Europe	Europe & Central Asia	5	13	5	5	-99
1	Admin-0 country	6	Albania	ALB	0	2	Sovereign country	Albania	ALB	0	Albania	ALB	0	Albania	ALB	0	Albania	Albania	ALB	Albania		Alb.	AL	Republic of Albania				Albania		1	4	1	6	3639453	21810	-99	2001	-99	6. Developing region	4. Lower middle income	-99		AL	ALB	008	008	AL	ALB	-99	ALB	ALB	-99	-99	Europe	Europe	Southern Europe	Europe & Central Asia	7	7	4	-99	1
3	Admin-0 country	6	Andorra	AND	0	2	Sovereign country	Andorra	AND	0	Andorra	AND	0	Andorra	AND	0	Andorra	Andorra	AND	Andorra		And.	AND	Principality of Andorra				Andorra		1	4	1	8	83888	3660	-99	1989	-99	2. Developed region: nonG7	2. High income: nonOECD	-99		AD	AND	020	020	AD	ADO	-99	AND	AND	-99	-99	Europe	Europe	Southern Europe	Europe & Central Asia	7	7	4	5	1
1	Admin-0 country	4	United Arab Emirates	ARE	0	2	Sovereign country	United Arab Emirates	ARE	0	United Arab Emirates	ARE	0	United Arab Emirates	ARE	0	United Arab Emirates	United Arab Emirates	ARE	United Arab Emirates		U.A.E.	AE	United Arab Emirates				United Arab Emirates		2	1	3	3	4798491	184300	-99	2010	-99	6. Developing region	2. High income: nonOECD	-99		AE	ARE	784	784	AE	ARE	-99	ARE	ARE	-99	-99	Asia	Asia	Western Asia	Middle East & North Africa	20	20	6	-99	1
1	Admin-0 country	2	Argentina	ARG	0	2	Sovereign country	Argentina	ARG	0	Argentina	ARG	0	Argentina	ARG	0	Argentina	Argentina	ARG	Argentina		Arg.	AR	Argentine Republic				Argentina		3	1	3	13	40913584	573900	-99	2010	-99	5. Emerging region: G20	3. Upper middle income	-99		AR	ARG	032	032	AR	ARG	-99	ARG	ARG	-99	-99	South America	Americas	South America	Latin America & Caribbean	9	9	4	-99	1
1	Admin-0 country	6	Armenia	ARM	0	2	Sovereign country	Armenia	ARM	0	Armenia	ARM	0	Armenia	ARM	0	Armenia	Armenia	ARM	Armenia		Arm.	ARM	Republic of Armenia				Armenia		3	1	2	10	2967004	18770	-99	2001	-99	6. Developing region	4. Lower middle income	-99		AM	ARM	051	051	AM	ARM	-99	ARM	ARM	-99	-99	Asia	Asia	Western Asia	Europe & Central Asia	7	7	4	-99	1
3	Admin-0 country	4	United States of America	US1	1	2	Dependency	American Samoa	ASM	0	American Samoa	ASM	0	American Samoa	ASM	0	American Samoa	American Samoa	ASM	American Samoa		Am. Samoa	AS	American Samoa		U.S.A.		American Samoa		4	5	1	1	65628	575.3	-99	2010	-99	6. Developing region	3. Upper middle income	-99		AS	ASM	016	016	AS	ASM	-99	ASM	ASM	-99	-99	Oceania	Oceania	Polynesia	East Asia & Pacific	14	14	9	3	-99
1	Admin-0 country	4	Antarctica	ATA	0	2	Indeterminate	Antarctica	ATA	0	Antarctica	ATA	0	Antarctica	ATA	0	Antarctica	Antarctica	ATA	Antarctica		Ant.	AQ				Multiple claims held in abeyance	Antarctica		4	5	1	-99	3802	760.4	-99	-99	-99	6. Developing region	2. High income: nonOECD	-99		AQ	ATA	010	-099	-99	-99	-99	ATA	ATA	-99	-99	Antarctica	Antarctica	Antarctica	Antarctica	10	10	4	-99	1
3	Admin-0 country	6	France	FR1	1	2	Dependency	French Southern and Antarctic Lands	ATF	0	French Southern and Antarctic Lands	ATF	0	French Southern and Antarctic Lands	ATF	0	Fr. S. Antarctic Lands	French Southern and Antarctic Lands	ATF	Fr. S. and Antarctic Lands		Fr. S.A.L.	TF	Territory of the French Southern and Antarctic Lands		Fr.		French Southern and Antarctic Lands		7	5	9	11	140	16	-99	-99	-99	6. Developing region	2. High income: nonOECD	-99		TF	ATF	260	-099	-99	-99	-99	ATF	ATF	-99	-99	Seven seas (open ocean)	Seven seas (open ocean)	Seven seas (open ocean)	Sub-Saharan Africa	22	35	10	2	-99
1	Admin-0 country	6	Antigua and Barbuda	ATG	0	2	Sovereign country	Antigua and Barbuda	ATG	0	Antigua and Barbuda	ATG	0	Antigua and Barbuda	ATG	0	Antigua and Barb.	Antigua and Barbuda	ATG	Antigua and Barb.		Ant.B.	AG	Antigua and Barbuda				Antigua and Barbuda		2	2	5	5	85632	1657	-99	2011	-99	6. Developing region	3. Upper middle income	-99		AG	ATG	028	028	AG	ATG	-99	ATG	ATG	-99	-99	North America	Americas	Caribbean	Latin America & Caribbean	17	19	6	4	1
1	Admin-0 country	2	Australia	AU1	1	2	Country	Australia	AUS	0	Australia	AUS	0	Australia	AUS	0	Australia	Australia	AUS	Australia		Auz.	AU	Commonwealth of Australia				Australia		1	2	2	7	21262641	800200	-99	2006	-99	2. Developed region: nonG7	1. High income: OECD	-99		AU	AUS	036	036	AU	AUS	-99	AUS	AUS	-99	-99	Oceania	Oceania	Australia and New Zealand	East Asia & Pacific	9	9	4	-99	1
1	Admin-0 country	4	Austria	AUT	0	2	Sovereign country	Austria	AUT	0	Austria	AUT	0	Austria	AUT	0	Austria	Austria	AUT	Austria		Aust.	A	Republic of Austria				Austria		3	1	3	4	8210281	329500	-99	2011	-99	2. Developed region: nonG7	1. High income: OECD	-99		AT	AUT	040	040	AT	AUT	-99	AUT	AUT	-99	-99	Europe	Europe	Western Europe	Europe & Central Asia	7	7	5	-99	1
1	Admin-0 country	5	Azerbaijan	AZE	0	2	Sovereign country	Azerbaijan	AZE	0	Azerbaijan	AZE	0	Azerbaijan	AZE	0	Azerbaijan	Azerbaijan	AZE	Azerbaijan		Aze.	AZ	Republic of Azerbaijan				Azerbaijan		1	6	5	8	8238672	77610	-99	2009	-99	6. Developing region	3. Upper middle income	-99		AZ	AZE	031	031	AZ	AZE	-99	AZE	AZE	-99	-99	Asia	Asia	Western Asia	Europe & Central Asia	10	10	4	-99	1
1	Admin-0 country	6	Burundi	BDI	0	2	Sovereign country	Burundi	BDI	0	Burundi	BDI	0	Burundi	BDI	0	Burundi	Burundi	BDI	Burundi		Bur.	BI	Republic of Burundi				Burundi		2	2	5	8	8988091	3102	-99	2008	-99	7. Least developed region	5. Low income	-99		BI	BDI	108	108	BI	BDI	-99	BDI	BDI	-99	-99	Africa	Africa	Eastern Africa	Sub-Saharan Africa	7	7	4	-99	1
1	Admin-0 country	2	Belgium	BEL	0	2	Sovereign country	Belgium	BEL	0	Belgium	BEL	0	Belgium	BEL	0	Belgium	Belgium	BEL	Belgium		Belg.	B	Kingdom of Belgium				Belgium		3	2	1	8	10414336	389300	-99	2011	-99	2. Developed region: nonG7	1. High income: OECD	-99		BE	BEL	056	056	BE	BEL	-99	BEL	BEL	-99	-99	Europe	Europe	Western Europe	Europe & Central Asia	7	7	5	-99	1
1	Admin-0 country	5	Benin	BEN	0	2	Sovereign country	Benin	BEN	0	Benin	BEN	0	Benin	BEN	0	Benin	Benin	BEN	Benin		Benin	BJ	Republic of Benin				Benin		1	2	2	12	8791832	12830	-99	2002	-99	7. Least developed region	5. Low income	-99		BJ	BEN	204	204	BJ	BEN	-99	BEN	BEN	-99	-99	Africa	Africa	Western Africa	Sub-Saharan Africa	5	5	5	-99	1
1	Admin-0 country	3	Burkina Faso	BFA	0	2	Sovereign country	Burkina Faso	BFA	0	Burkina Faso	BFA	0	Burkina Faso	BFA	0	Burkina Faso	Burkina Faso	BFA	Burkina Faso		B.F.	BF	Burkina Faso				Burkina Faso		2	1	5	11	15746232	17820	-99	2006	-99	7. Least developed region	5. Low income	-99		BF	BFA	854	854	BF	BFA	-99	BFA	BFA	-99	-99	Africa	Africa	Western Africa	Sub-Saharan Africa	12	12	4	-99	1
1	Admin-0 country	3	Bangladesh	BGD	0	2	Sovereign country	Bangladesh	BGD	0	Bangladesh	BGD	0	Bangladesh	BGD	0	Bangladesh	Bangladesh	BGD	Bangladesh		Bang.	BD	People's Republic of Bangladesh				Bangladesh		3	4	7	7	156050883	224000	-99	2011	-99	7. Least developed region	5. Low income	-99		BD	BGD	050	050	BD	BGD	-99	BGD	BGD	-99	-99	Asia	Asia	Southern Asia	South Asia	10	10	5	-99	1
1	Admin-0 country	4	Bulgaria	BGR	0	2	Sovereign country	Bulgaria	BGR	0	Bulgaria	BGR	0	Bulgaria	BGR	0	Bulgaria	Bulgaria	BGR	Bulgaria		Bulg.	BG	Republic of Bulgaria				Bulgaria		4	5	1	8	7204687	93750	-99	2011	-99	2. Developed region: nonG7	3. Upper middle income	-99		BG	BGR	100	100	BG	BGR	-99	BGR	BGR	-99	-99	Europe	Europe	Eastern Europe	Europe & Central Asia	8	8	5	-99	1
1	Admin-0 country	4	Bahrain	BHR	0	2	Sovereign country	Bahrain	BHR	0	Bahrain	BHR	0	Bahrain	BHR	0	Bahrain	Bahrain	BHR	Bahrain		Bahr.	BH	Kingdom of Bahrain				Bahrain		1	1	1	9	727785	26820	-99	2010	-99	6. Developing region	2. High income: nonOECD	-99		BH	BHR	048	048	BH	BHR	-99	BHR	BHR	-99	-99	Asia	Asia	Western Asia	Middle East & North Africa	7	7	5	2	1
1	Admin-0 country	4	The Bahamas	BHS	0	2	Sovereign country	The Bahamas	BHS	0	The Bahamas	BHS	0	The Bahamas	BHS	0	Bahamas	Bahamas	BHS	Bahamas		Bhs.	BS	Commonwealth of the Bahamas				Bahamas, The		1	1	2	5	309156	9093	-99	2010	-99	6. Developing region	2. High income: nonOECD	-99		BS	BHS	044	044	BS	BHS	-99	BHS	BHS	-99	-99	North America	Americas	Caribbean	Latin America & Caribbean	7	7	4	-99	1
1	Admin-0 country	5	Bosnia and Herzegovina	BIH	0	2	Sovereign country	Bosnia and Herzegovina	BIH	0	Bosnia and Herzegovina	BIH	0	Bosnia and Herzegovina	BIH	0	Bosnia and Herz.	Bosnia and Herzegovina	BIH	Bosnia and Herz.		B.H.	BiH	Bosnia and Herzegovina				Bosnia and Herzegovina		1	1	1	2	4613414	29700	-99	1991	-99	6. Developing region	3. Upper middle income	-99		BA	BIH	070	070	BA	BIH	-99	BIH	BIH	-99	-99	Europe	Europe	Southern Europe	Europe & Central Asia	16	22	4	-99	1
3	Admin-0 country	6	France	FR1	1	2	Dependency	Saint Barthelemy	BLM	0	Saint Barthelemy	BLM	0	Saint Barthelemy	BLM	0	St-Barthélemy	Saint-Barthélemy	BLM	St-Barthélemy		St. B.	BL	Saint-Barthélemy		Fr.		St-Barthélemy		7	5	9	11	7448	255	-99	-99	-99	2. Developed region: nonG7	1. High income: OECD	-99		BL	BLM	652	652	-99	-99	-99	BLM	BLM	-99	-99	North America	Americas	Caribbean	Latin America & Caribbean	13	16	6	4	-99
1	Admin-0 country	4	Belarus	BLR	0	2	Sovereign country	Belarus	BLR	0	Belarus	BLR	0	Belarus	BLR	0	Belarus	Belarus	BLR	Belarus		Bela.	BY	Republic of Belarus				Belarus		1	1	5	11	9648533	114100	-99	2009	-99	6. Developing region	3. Upper middle income	-99		BY	BLR	112	112	BY	BLR	-99	BLR	BLR	-99	-99	Europe	Europe	Eastern Europe	Europe & Central Asia	7	7	5	-99	1
1	Admin-0 country	6	Belize	BLZ	0	2	Sovereign country	Belize	BLZ	0	Belize	BLZ	0	Belize	BLZ	0	Belize	Belize	BLZ	Belize		Belize	BZ	Belize				Belize		1	4	5	7	307899	2536	-99	2010	-99	6. Developing region	4. Lower middle income	-99		BZ	BLZ	084	084	BZ	BLZ	-99	BLZ	BLZ	-99	-99	North America	Americas	Central America	Latin America & Caribbean	6	6	6	-99	1
3	Admin-0 country	6	United Kingdom	GB1	1	2	Dependency	Bermuda	BMU	0	Bermuda	BMU	0	Bermuda	BMU	0	Bermuda	Bermuda	BMU	Bermuda		Berm.	BM	The Bermudas or Somers Isles		U.K.		Bermuda		6	6	6	3	67837	4500	-99	2010	-99	2. Developed region: nonG7	2. High income: nonOECD	-99		BM	BMU	060	060	BM	BMU	-99	BMU	BMU	-99	-99	North America	Americas	Northern America	North America	7	7	5	4	-99
1	Admin-0 country	3	Bolivia	BOL	0	2	Sovereign country	Bolivia	BOL	0	Bolivia	BOL	0	Bolivia	BOL	0	Bolivia	Bolivia	BOL	Bolivia		Bolivia	BO	Plurinational State of Bolivia				Bolivia		1	5	2	3	9775246	43270	-99	2001	-99	5. Emerging region: G20	4. Lower middle income	-99		BO	BOL	068	068	BO	BOL	-99	BOL	BOL	-99	-99	South America	Americas	South America	Latin America & Caribbean	7	7	7	-99	1
1	Admin-0 country	2	Brazil	BRA	0	2	Sovereign country	Brazil	BRA	0	Brazil	BRA	0	Brazil	BRA	0	Brazil	Brazil	BRA	Brazil		Brazil	BR	Federative Republic of Brazil				Brazil		5	6	5	7	198739269	1993000	-99	2010	-99	3. Emerging region: BRIC	3. Upper middle income	-99		BR	BRA	076	076	BR	BRA	-99	BRA	BRA	-99	-99	South America	Americas	South America	Latin America & Caribbean	6	6	6	-99	1
1	Admin-0 country	5	Barbados	BRB	0	2	Sovereign country	Barbados	BRB	0	Barbados	BRB	0	Barbados	BRB	0	Barbados	Barbados	BRB	Barbados		Barb.	BB	Barbados				Barbados		4	1	5	3	284589	5425	-99	2010	-99	6. Developing region	2. High income: nonOECD	-99		BB	BRB	052	052	BB	BRB	-99	BRB	BRB	-99	-99	North America	Americas	Caribbean	Latin America & Caribbean	8	8	5	3	1
1	Admin-0 country	6	Brunei	BRN	0	2	Sovereign country	Brunei	BRN	0	Brunei	BRN	0	Brunei	BRN	0	Brunei	Brunei Darussalam	BRN	Brunei		Brunei	BN	Negara Brunei Darussalam				Brunei		4	6	6	12	388190	20250	-99	2001	-99	6. Developing region	2. High income: nonOECD	-99		BN	BRN	096	096	BN	BRN	-99	BRN	BRN	-99	-99	Asia	Asia	South-Eastern Asia	East Asia & Pacific	6	17	6	2	1
1	Admin-0 country	5	Bhutan	BTN	0	2	Sovereign country	Bhutan	BTN	0	Bhutan	BTN	0	Bhutan	BTN	0	Bhutan	Bhutan	BTN	Bhutan		Bhutan	BT	Kingdom of Bhutan				Bhutan		5	6	1	8	691141	3524	-99	2005	-99	7. Least developed region	4. Lower middle income	-99		BT	BTN	064	064	BT	BTN	-99	BTN	BTN	-99	-99	Asia	Asia	Southern Asia	South Asia	6	6	6	-99	1
1	Admin-0 country	4	Botswana	BWA	0	2	Sovereign country	Botswana	BWA	0	Botswana	BWA	0	Botswana	BWA	0	Botswana	Botswana	BWA	Botswana		Bwa.	BW	Republic of Botswana				Botswana		6	5	7	3	1990876	27060	-99	2011	-99	6. Developing region	3. Upper middle income	-99		BW	BWA	072	072	BW	BWA	-99	BWA	BWA	-99	-99	Africa	Africa	Southern Africa	Sub-Saharan Africa	8	8	4	-99	1
1	Admin-0 country	4	Central African Republic	CAF	0	2	Sovereign country	Central African Republic	CAF	0	Central African Republic	CAF	0	Central African Republic	CAF	0	Central African Rep.	Central African Republic	CAF	Central African Rep.		C.A.R.	CF	Central African Republic				Central African Republic		5	6	6	9	4511488	3198	-99	2003	-99	7. Least developed region	5. Low income	-99		CF	CAF	140	140	CF	CAF	-99	CAF	CAF	-99	-99	Africa	Africa	Middle Africa	Sub-Saharan Africa	20	24	6	-99	1
1	Admin-0 country	2	Canada	CAN	0	2	Sovereign country	Canada	CAN	0	Canada	CAN	0	Canada	CAN	0	Canada	Canada	CAN	Canada		Can.	CA	Canada				Canada		6	6	2	2	33487208	1300000	-99	2011	-99	1. Developed region: G7	1. High income: OECD	-99		CA	CAN	124	124	CA	CAN	-99	CAN	CAN	-99	-99	North America	Americas	Northern America	North America	6	6	4	-99	1
1	Admin-0 country	4	Switzerland	CHE	0	2	Sovereign country	Switzerland	CHE	0	Switzerland	CHE	0	Switzerland	CHE	0	Switzerland	Switzerland	CHE	Switzerland		Switz.	CH	Swiss Confederation				Switzerland		5	2	7	3	7604467	316700	-99	2010	-99	2. Developed region: nonG7	1. High income: OECD	-99		CH	CHE	756	756	CH	CHE	-99	CHE	CHE	-99	-99	Europe	Europe	Western Europe	Europe & Central Asia	11	11	6	-99	1
1	Admin-0 country	2	Chile	CHL	0	2	Sovereign country	Chile	CHL	0	Chile	CHL	0	Chile	CHL	0	Chile	Chile	CHL	Chile		Chile	CL	Republic of Chile				Chile		5	1	5	9	16601707	244500	-99	2002	-99	5. Emerging region: G20	3. Upper middle income	-99		CL	CHL	152	152	CL	CHL	-99	CHL	CHL	-99	-99	South America	Americas	South America	Latin America & Caribbean	5	5	5	-99	1
1	Admin-0 country	2	China	CH1	1	2	Country	China	CHN	0	China	CHN	0	China	CHN	0	China	China	CHN	China		China	CN	People's Republic of China				China		4	4	4	3	1338612970	7973000	-99	2010	-99	3. Emerging region: BRIC	3. Upper middle income	-99		CN	CHN	156	156	CN	CHN	-99	CHN	CHN	-99	-99	Asia	Asia	Eastern Asia	East Asia & Pacific	5	5	5	-99	1
1	Admin-0 country	3	Ivory Coast	CIV	0	2	Sovereign country	Ivory Coast	CIV	0	Ivory Coast	CIV	0	Ivory Coast	CIV	0	Côte d'Ivoire	Côte d'Ivoire	CIV	Côte d'Ivoire		I.C.	CI	Republic of Ivory Coast	Republic of Cote D'Ivoire			Côte d'Ivoire		4	6	3	3	20617068	33850	-99	1998	-99	6. Developing region	4. Lower middle income	-99		CI	CIV	384	384	CI	CIV	-99	CIV	CIV	-99	-99	Africa	Africa	Western Africa	Sub-Saharan Africa	13	13	4	-99	1
1	Admin-0 country	3	Cameroon	CMR	0	2	Sovereign country	Cameroon	CMR	0	Cameroon	CMR	0	Cameroon	CMR	0	Cameroon	Cameroon	CMR	Cameroon		Cam.	CM	Republic of Cameroon				Cameroon		1	4	1	3	18879301	42750	-99	2005	-99	6. Developing region	4. Lower middle income	-99		CM	CMR	120	120	CM	CMR	-99	CMR	CMR	-99	-99	Africa	Africa	Middle Africa	Sub-Saharan Africa	8	8	4	-99	1
1	Admin-0 country	2	Democratic Republic of the Congo	COD	0	2	Sovereign country	Democratic Republic of the Congo	COD	0	Democratic Republic of the Congo	COD	0	Democratic Republic of the Congo	COD	0	Dem. Rep. Congo	Democratic Republic of the Congo	COD	Democratic Republic of the Congo		D.R.C.	DRC	Democratic Republic of the Congo				Congo, Dem. Rep.		4	4	4	7	68692542	20640	-99	1984	-99	7. Least developed region	5. Low income	-99		CD	COD	180	180	ZR	ZAR	-99	COD	COD	-99	-99	Africa	Africa	Middle Africa	Sub-Saharan Africa	15	32	6	-99	1
1	Admin-0 country	4	Republic of Congo	COG	0	2	Sovereign country	Republic of Congo	COG	0	Republic of Congo	COG	0	Republic of Congo	COG	0	Congo	Republic of Congo	COG	Republic of Congo		Rep. Congo	CG	Republic of Congo				Congo, Rep.		2	1	3	10	4012809	15350	-99	2007	-99	6. Developing region	4. Lower middle income	-99		CG	COG	178	178	CG	COG	-99	COG	COG	-99	-99	Africa	Africa	Middle Africa	Sub-Saharan Africa	5	17	10	-99	1
3	Admin-0 country	4	New Zealand	NZ1	1	2	Dependency	Cook Islands	COK	0	Cook Islands	COK	0	Cook Islands	COK	0	Cook Is.	Cook Islands	COK	Cook Is.		Cook Is.	CK			Assoc. with N.Z.		Cook Islands		3	3	4	4	11870	183.2	-99	-99	-99	6. Developing region	3. Upper middle income	-99		CK	COK	184	184	-99	-99	-99	COK	COK	-99	-99	Oceania	Oceania	Polynesia	East Asia & Pacific	8	12	8	3	-99
1	Admin-0 country	2	Colombia	COL	0	2	Sovereign country	Colombia	COL	0	Colombia	COL	0	Colombia	COL	0	Colombia	Colombia	COL	Colombia		Col.	CO	Republic of Colombia				Colombia		2	1	3	1	45644023	395400	-99	2006	-99	6. Developing region	3. Upper middle income	-99		CO	COL	170	170	CO	COL	-99	COL	COL	-99	-99	South America	Americas	South America	Latin America & Caribbean	8	8	4	-99	1
1	Admin-0 country	6	Comoros	COM	0	2	Sovereign country	Comoros	COM	0	Comoros	COM	0	Comoros	COM	0	Comoros	Comoros	COM	Comoros		Com.	KM	Union of the Comoros				Comoros		2	1	4	10	752438	751.2	-99	2003	-99	7. Least developed region	5. Low income	-99		KM	COM	174	174	KM	COM	-99	COM	COM	-99	-99	Africa	Africa	Eastern Africa	Sub-Saharan Africa	7	7	4	2	1
1	Admin-0 country	4	Cape Verde	CPV	0	2	Sovereign country	Cape Verde	CPV	0	Cape Verde	CPV	0	Cape Verde	CPV	0	Cape Verde	Cape Verde	CPV	Cape Verde		C.Vd.	CV	Republic of Cape Verde				Cape Verde		1	1	4	11	429474	1626	-99	2010	-99	6. Developing region	4. Lower middle income	-99		CV	CPV	132	132	CV	CPV	-99	CPV	CPV	-99	-99	Africa	Africa	Western Africa	Sub-Saharan Africa	10	10	5	-99	1
1	Admin-0 country	5	Costa Rica	CRI	0	2	Sovereign country	Costa Rica	CRI	0	Costa Rica	CRI	0	Costa Rica	CRI	0	Costa Rica	Costa Rica	CRI	Costa Rica		C.R.	CR	Republic of Costa Rica				Costa Rica		3	2	4	2	4253877	48320	-99	2011	-99	5. Emerging region: G20	3. Upper middle income	-99		CR	CRI	188	188	CR	CRI	-99	CRI	CRI	-99	-99	North America	Americas	Central America	Latin America & Caribbean	10	10	4	-99	1
1	Admin-0 country	3	Cuba	CUB	0	2	Sovereign country	Cuba	CUB	0	Cuba	CUB	0	Cuba	CUB	0	Cuba	Cuba	CUB	Cuba		Cuba	CU	Republic of Cuba				Cuba		3	5	3	4	11451652	108200	-99	2002	-99	5. Emerging region: G20	3. Upper middle income	-99		CU	CUB	192	192	CU	CUB	-99	CUB	CUB	-99	-99	North America	Americas	Caribbean	Latin America & Caribbean	4	4	4	-99	1
3	Admin-0 country	5	Netherlands	NL1	1	2	Country	Curaçao	CUW	0	Curaçao	CUW	0	Curaçao	CUW	0	Curaçao	Curaçao	CUW	Curaçao		Cur.	CW	Curaçao		Neth.		Curaçao		4	2	2	9	141766	2838	-99	-99	-99	6. Developing region	2. High income: nonOECD	-99		CW	CUW	531	531	CW	CUW	-99	CUW	CUW	-99	-99	North America	Americas	Caribbean	Latin America & Caribbean	7	7	4	4	-99
1	Admin-0 country	5	United Kingdom	GB1	1	2	Dependency	Cayman Islands	CYM	0	Cayman Islands	CYM	0	Cayman Islands	CYM	0	Cayman Is.	Cayman Islands	CYM	Cayman Is.		Cym. Is.	KY	Cayman Islands		U.K.		Cayman Islands		6	6	6	3	49035	1939	-99	2010	-99	5. Emerging region: G20	2. High income: nonOECD	-99		KY	CYM	136	136	KY	CYM	-99	CYM	CYM	-99	-99	North America	Americas	Caribbean	Latin America & Caribbean	10	14	8	2	-99
1	Admin-0 country	5	Cyprus	CYP	0	2	Sovereign country	Cyprus	CYP	0	Cyprus	CYP	0	Cyprus	CYP	0	Cyprus	Cyprus	CYP	Cyprus		Cyp.	CY	Republic of Cyprus				Cyprus		1	2	3	7	531640	22700	-99	2001	-99	6. Developing region	2. High income: nonOECD	-99		CY	CYP	196	196	CY	CYP	-99	CYP	CYP	-99	-99	Asia	Asia	Western Asia	Europe & Central Asia	6	6	4	-99	1
1	Admin-0 country	5	Czech Republic	CZE	0	2	Sovereign country	Czech Republic	CZE	0	Czech Republic	CZE	0	Czech Republic	CZE	0	Czech Rep.	Czech Republic	CZE	Czech Rep.		Cz. Rep.	CZ	Czech Republic				Czech Republic		1	1	2	6	10211904	265200	-99	2011	-99	2. Developed region: nonG7	1. High income: OECD	-99		CZ	CZE	203	203	CZ	CZE	-99	CZE	CZE	-99	-99	Europe	Europe	Eastern Europe	Europe & Central Asia	10	14	8	-99	1
1	Admin-0 country	2	Germany	DEU	0	2	Sovereign country	Germany	DEU	0	Germany	DEU	0	Germany	DEU	0	Germany	Germany	DEU	Germany		Ger.	D	Federal Republic of Germany				Germany		2	5	5	1	82329758	2918000	-99	2011	-99	1. Developed region: G7	1. High income: OECD	-99		DE	DEU	276	276	DE	DEU	-99	DEU	DEU	-99	-99	Europe	Europe	Western Europe	Europe & Central Asia	7	7	4	-99	1
1	Admin-0 country	5	Djibouti	DJI	0	2	Sovereign country	Djibouti	DJI	0	Djibouti	DJI	0	Djibouti	DJI	0	Djibouti	Djibouti	DJI	Djibouti		Dji.	DJ	Republic of Djibouti				Djibouti		1	2	4	8	516055	1885	-99	2009	-99	7. Least developed region	4. Lower middle income	-99		DJ	DJI	262	262	DJ	DJI	-99	DJI	DJI	-99	-99	Africa	Africa	Eastern Africa	Middle East & North Africa	8	8	4	-99	1
1	Admin-0 country	6	Dominica	DMA	0	2	Sovereign country	Dominica	DMA	0	Dominica	DMA	0	Dominica	DMA	0	Dominica	Dominica	DMA	Dominica		D'inca	DM	Commonwealth of Dominica				Dominica		4	5	2	12	72660	719.6	-99	2011	-99	6. Developing region	3. Upper middle income	-99		DM	DMA	212	212	DM	DMA	-99	DMA	DMA	-99	-99	North America	Americas	Caribbean	Latin America & Caribbean	8	8	6	4	1
1	Admin-0 country	4	Denmark	DN1	1	2	Country	Denmark	DNK	0	Denmark	DNK	0	Denmark	DNK	0	Denmark	Denmark	DNK	Denmark		Den.	DK	Kingdom of Denmark				Denmark		4	1	3	12	5500510	203600	-99	2011	-99	2. Developed region: nonG7	1. High income: OECD	-99		DK	DNK	208	208	DK	DNK	-99	DNK	DNK	-99	-99	Europe	Europe	Northern Europe	Europe & Central Asia	7	7	4	-99	1
1	Admin-0 country	5	Dominican Republic	DOM	0	2	Sovereign country	Dominican Republic	DOM	0	Dominican Republic	DOM	0	Dominican Republic	DOM	0	Dominican Rep.	Dominican Republic	DOM	Dominican Rep.		Dom. Rep.	DO	Dominican Republic				Dominican Republic		5	2	5	7	9650054	78000	-99	2010	-99	6. Developing region	3. Upper middle income	-99		DO	DOM	214	214	DO	DOM	-99	DOM	DOM	-99	-99	North America	Americas	Caribbean	Latin America & Caribbean	14	18	9	-99	1
1	Admin-0 country	3	Algeria	DZA	0	2	Sovereign country	Algeria	DZA	0	Algeria	DZA	0	Algeria	DZA	0	Algeria	Algeria	DZA	Algeria		Alg.	DZ	People's Democratic Republic of Algeria				Algeria		5	1	6	3	34178188	232900	-99	2008	-99	6. Developing region	3. Upper middle income	-99		DZ	DZA	012	012	DZ	DZA	-99	DZA	DZA	-99	-99	Africa	Africa	Northern Africa	Middle East & North Africa	7	7	4	-99	1
1	Admin-0 country	3	Ecuador	ECU	0	2	Sovereign country	Ecuador	ECU	0	Ecuador	ECU	0	Ecuador	ECU	0	Ecuador	Ecuador	ECU	Ecuador		Ecu.	EC	Republic of Ecuador				Ecuador		1	5	2	12	14573101	107700	-99	2010	-99	6. Developing region	3. Upper middle income	-99		EC	ECU	218	218	EC	ECU	-99	ECU	ECU	-99	-99	South America	Americas	South America	Latin America & Caribbean	7	7	4	-99	1
1	Admin-0 country	2	Egypt	EGY	0	2	Sovereign country	Egypt	EGY	0	Egypt	EGY	0	Egypt	EGY	0	Egypt	Egypt	EGY	Egypt		Egypt	EG	Arab Republic of Egypt				Egypt, Arab Rep.		4	6	7	2	83082869	443700	-99	2006	-99	5. Emerging region: G20	4. Lower middle income	-99		EG	EGY	818	818	EG	EGY	-99	EGY	EGY	-99	-99	Africa	Africa	Northern Africa	Middle East & North Africa	5	5	5	-99	1
1	Admin-0 country	4	Eritrea	ERI	0	2	Sovereign country	Eritrea	ERI	0	Eritrea	ERI	0	Eritrea	ERI	0	Eritrea	Eritrea	ERI	Eritrea		Erit.	ER	State of Eritrea				Eritrea		3	1	2	12	5647168	3945	-99	1984	-99	7. Least developed region	5. Low income	-99		ER	ERI	232	232	ER	ERI	-99	ERI	ERI	-99	-99	Africa	Africa	Eastern Africa	Sub-Saharan Africa	7	7	5	-99	1
1	Admin-0 country	7	Western Sahara	SAH	0	2	Indeterminate	Western Sahara	SAH	0	Western Sahara	SAH	0	Western Sahara	SAH	1	W. Sahara	Western Sahara	B28	W. Sahara		W. Sah.	WS	Sahrawi Arab Democratic Republic		Self admin.	Self admin.; Claimed by Morocco	Western Sahara		4	7	4	4	-99	-99	-99	-99	-99	7. Least developed region	5. Low income	-99		EH	ESH	732	732	-99	-99	-99	MAR	SAH	-99	-99	Africa	Africa	Northern Africa	Middle East & North Africa	9	14	7	-99	1
1	Admin-0 country	2	Spain	ESP	0	2	Sovereign country	Spain	ESP	0	Spain	ESP	0	Spain	ESP	0	Spain	Spain	ESP	Spain		Sp.	E	Kingdom of Spain				Spain		4	5	5	5	40525002	1403000	-99	2001	-99	2. Developed region: nonG7	1. High income: OECD	-99		ES	ESP	724	724	ES	ESP	-99	ESP	ESP	-99	-99	Europe	Europe	Southern Europe	Europe & Central Asia	5	5	3	-99	1
1	Admin-0 country	6	Estonia	EST	0	2	Sovereign country	Estonia	EST	0	Estonia	EST	0	Estonia	EST	0	Estonia	Estonia	EST	Estonia		Est.	EST	Republic of Estonia				Estonia		3	2	1	10	1299371	27410	-99	2000	-99	2. Developed region: nonG7	1. High income: OECD	-99		EE	EST	233	233	EE	EST	-99	EST	EST	-99	-99	Europe	Europe	Northern Europe	Europe & Central Asia	7	7	4	-99	1
1	Admin-0 country	2	Ethiopia	ETH	0	2	Sovereign country	Ethiopia	ETH	0	Ethiopia	ETH	0	Ethiopia	ETH	0	Ethiopia	Ethiopia	ETH	Ethiopia		Eth.	ET	Federal Democratic Republic of Ethiopia				Ethiopia		4	4	1	13	85237338	68770	-99	2007	-99	7. Least developed region	5. Low income	-99		ET	ETH	231	231	ET	ETH	-99	ETH	ETH	-99	-99	Africa	Africa	Eastern Africa	Sub-Saharan Africa	8	8	4	-99	1
1	Admin-0 country	3	Finland	FI1	1	2	Country	Finland	FIN	0	Finland	FIN	0	Finland	FIN	0	Finland	Finland	FIN	Finland		Fin.	FIN	Republic of Finland				Finland		4	1	4	6	5250275	193500	-99	2010	-99	2. Developed region: nonG7	1. High income: OECD	-99		FI	FIN	246	246	FI	FIN	-99	FIN	FIN	-99	-99	Europe	Europe	Northern Europe	Europe & Central Asia	7	7	4	-99	1
1	Admin-0 country	6	Fiji	FJI	0	2	Sovereign country	Fiji	FJI	0	Fiji	FJI	0	Fiji	FJI	0	Fiji	Fiji	FJI	Fiji		Fiji	FJ	Republic of Fiji				Fiji		5	1	2	2	944720	3579	-99	2007	-99	6. Developing region	4. Lower middle income	-99		FJ	FJI	242	242	FJ	FJI	-99	FJI	FJI	-99	-99	Oceania	Oceania	Melanesia	East Asia & Pacific	4	4	4	-99	1
1	Admin-0 country	5	United Kingdom	GB1	1	2	Dependency	Falkland Islands	FLK	0	Falkland Islands	FLK	0	Falkland Islands	FLK	1	Falkland Is.	Falkland Islands	B12	Falkland Is.		Flk. Is.	FK	Falkland Islands		U.K.	Admin. by U.K.; Claimed by Argentina	Falkland Islands	Islas Malvinas	6	6	6	3	3140	105.1	-99	-99	-99	2. Developed region: nonG7	1. High income: OECD	-99		FK	FLK	238	238	-99	-99	-99	FLK	FLK	-99	-99	South America	Americas	South America	Latin America & Caribbean	12	16	8	-99	-99
1	Admin-0 country	2	France	FR1	1	2	Country	France	FRA	0	France	FRA	0	France	FRA	0	France	France	FRA	France		Fr.	F	French Republic				France		7	5	9	11	64057792	2128000	-99	-99	-99	1. Developed region: G7	1. High income: OECD	-99		FR	FRA	250	250	FR	FRA	-99	FRA	FRA	-99	-99	Europe	Europe	Western Europe	Europe & Central Asia	6	6	3	-99	1
3	Admin-0 country	6	Denmark	DN1	1	2	Dependency	Faroe Islands	FRO	0	Faroe Islands	FRO	0	Faroe Islands	FRO	0	Faeroe Is.	Faeroe Islands	FRO	Faeroe Islands		Faeroe Is.	FO	Føroyar Is. (Faeroe Is.)		Den.		Faeroe Islands		4	1	3	12	48856	1000	-99	2011	-99	2. Developed region: nonG7	2. High income: nonOECD	-99		FO	FRO	234	234	FO	FRO	-99	FRO	FRO	-99	-99	Europe	Europe	Northern Europe	Europe & Central Asia	10	14	10	3	-99
3	Admin-0 country	6	Federated States of Micronesia	FSM	0	2	Sovereign country	Federated States of Micronesia	FSM	0	Federated States of Micronesia	FSM	0	Federated States of Micronesia	FSM	0	Micronesia	Federated States of Micronesia	FSM	Micronesia		F.S.M.	FSM	Federated States of Micronesia				Micronesia, Federated States of		5	2	4	13	107434	238.1	-99	2000	-99	6. Developing region	4. Lower middle income	-99		FM	FSM	583	583	FM	FSM	-99	FSM	FSM	-99	-99	Oceania	Oceania	Micronesia	East Asia & Pacific	10	30	6	-99	1
1	Admin-0 country	4	Gabon	GAB	0	2	Sovereign country	Gabon	GAB	0	Gabon	GAB	0	Gabon	GAB	0	Gabon	Gabon	GAB	Gabon		Gabon	GA	Gabonese Republic				Gabon		6	2	5	5	1514993	21110	-99	2003	-99	6. Developing region	3. Upper middle income	-99		GA	GAB	266	266	GA	GAB	-99	GAB	GAB	-99	-99	Africa	Africa	Middle Africa	Sub-Saharan Africa	5	5	5	3	1
1	Admin-0 country	2	United Kingdom	GB1	1	2	Country	United Kingdom	GBR	0	United Kingdom	GBR	0	United Kingdom	GBR	0	United Kingdom	United Kingdom	GBR	United Kingdom		U.K.	GB	United Kingdom of Great Britain and Northern Ireland				United Kingdom		6	6	6	3	62262000	1977704	0	2011	2009	1. Developed region: G7	1. High income: OECD	-99		GB	GBR	826	826	GB	GBR	-99	GBR	GBR	-99	-99	Europe	Europe	Northern Europe	Europe & Central Asia	14	14	4	-99	1
1	Admin-0 country	5	Georgia	GEO	0	2	Sovereign country	Georgia	GEO	0	Georgia	GEO	0	Georgia	GEO	0	Georgia	Georgia	GEO	Georgia		Geo.	GE	Georgia				Georgia		5	1	3	2	4615807	21510	-99	2002	-99	6. Developing region	4. Lower middle income	-99		GE	GEO	268	268	GE	GEO	-99	GEO	GEO	-99	-99	Asia	Asia	Western Asia	Europe & Central Asia	7	7	4	-99	1
4	Admin-0 country	6	United Kingdom	GB1	1	2	Country	Guernsey	GGY	0	Guernsey	GGY	0	Guernsey	GGY	0	Guernsey	Guernsey	GGY	Guernsey	Channel Islands	Guern.	GG	Bailiwick of Guernsey		U.K. crown dependency		Guernsey		6	6	6	3	68633	2742	-99	2001	-99	2. Developed region: nonG7	2. High income: nonOECD	-99		GG	GGY	831	831	JG	CHI	-99	GGY	GGY	-99	-99	Europe	Europe	Northern Europe	Europe & Central Asia	8	8	6	-99	-99
1	Admin-0 country	3	Ghana	GHA	0	2	Sovereign country	Ghana	GHA	0	Ghana	GHA	0	Ghana	GHA	0	Ghana	Ghana	GHA	Ghana		Ghana	GH	Republic of Ghana				Ghana		5	3	1	4	23832495	34200	-99	2010	-99	6. Developing region	4. Lower middle income	-99		GH	GHA	288	288	GH	GHA	-99	GHA	GHA	-99	-99	Africa	Africa	Western Africa	Sub-Saharan Africa	5	5	5	-99	1
1	Admin-0 country	3	Guinea	GIN	0	2	Sovereign country	Guinea	GIN	0	Guinea	GIN	0	Guinea	GIN	0	Guinea	Guinea	GIN	Guinea		Gin.	GN	Republic of Guinea				Guinea		6	3	7	2	10057975	10600	-99	1996	-99	7. Least developed region	5. Low income	-99		GN	GIN	324	324	GN	GIN	-99	GIN	GIN	-99	-99	Africa	Africa	Western Africa	Sub-Saharan Africa	6	6	4	-99	1
1	Admin-0 country	6	Gambia	GMB	0	2	Sovereign country	Gambia	GMB	0	Gambia	GMB	0	Gambia	GMB	0	Gambia	The Gambia	GMB	Gambia		Gambia	GM	Republic of the Gambia				Gambia, The		1	4	1	8	1782893	2272	-99	2003	-99	7. Least developed region	5. Low income	-99		GM	GMB	270	270	GM	GMB	-99	GMB	GMB	-99	-99	Africa	Africa	Western Africa	Sub-Saharan Africa	6	10	6	-99	1
1	Admin-0 country	6	Guinea Bissau	GNB	0	2	Sovereign country	Guinea Bissau	GNB	0	Guinea Bissau	GNB	0	Guinea Bissau	GNB	0	Guinea-Bissau	Guinea-Bissau	GNB	Guinea-Bissau		GnB.	GW	Republic of Guinea-Bissau				Guinea-Bissau		3	5	3	4	1533964	904.2	-99	2009	-99	7. Least developed region	5. Low income	-99		GW	GNB	624	624	GW	GNB	-99	GNB	GNB	-99	-99	Africa	Africa	Western Africa	Sub-Saharan Africa	13	13	4	-99	1
1	Admin-0 country	4	Equatorial Guinea	GNQ	0	2	Sovereign country	Equatorial Guinea	GNQ	0	Equatorial Guinea	GNQ	0	Equatorial Guinea	GNQ	0	Eq. Guinea	Equatorial Guinea	GNQ	Eq. Guinea		Eq. G.	GQ	Republic of Equatorial Guinea				Equatorial Guinea		4	1	4	8	650702	14060	0	2002	0	7. Least developed region	2. High income: nonOECD	-99		GQ	GNQ	226	226	GQ	GNQ	-99	GNQ	GNQ	-99	-99	Africa	Africa	Middle Africa	Sub-Saharan Africa	10	17	6	-99	1
1	Admin-0 country	3	Greece	GRC	0	2	Sovereign country	Greece	GRC	0	Greece	GRC	0	Greece	GRC	0	Greece	Greece	GRC	Greece		Greece	GR	Hellenic Republic				Greece		2	2	2	9	10737428	343000	-99	2011	-99	2. Developed region: nonG7	1. High income: OECD	-99		GR	GRC	300	300	GR	GRC	-99	GRC	GRC	-99	-99	Europe	Europe	Southern Europe	Europe & Central Asia	6	6	6	-99	1
1	Admin-0 country	6	Grenada	GRD	0	2	Sovereign country	Grenada	GRD	0	Grenada	GRD	0	Grenada	GRD	0	Grenada	Grenada	GRD	Grenada		Gren.	GD	Grenada				Grenada		2	4	3	6	90739	1161	-99	2011	-99	6. Developing region	3. Upper middle income	-99		GD	GRD	308	308	GD	GRD	-99	GRD	GRD	-99	-99	North America	Americas	Caribbean	Latin America & Caribbean	7	7	5	-99	1
1	Admin-0 country	3	Denmark	DN1	1	2	Country	Greenland	GRL	0	Greenland	GRL	0	Greenland	GRL	0	Greenland	Greenland	GRL	Greenland		Grlnd.	GL	Greenland		Den.		Greenland		4	1	3	12	57600	1100	-99	2010	-99	2. Developed region: nonG7	2. High income: nonOECD	-99		GL	GRL	304	304	GL	GRL	-99	GRL	GRL	-99	-99	North America	Americas	Northern America	Europe & Central Asia	9	9	6	-99	-99
1	Admin-0 country	3	Guatemala	GTM	0	2	Sovereign country	Guatemala	GTM	0	Guatemala	GTM	0	Guatemala	GTM	0	Guatemala	Guatemala	GTM	Guatemala		Guat.	GT	Republic of Guatemala				Guatemala		3	3	3	6	13276517	68580	-99	2002	-99	6. Developing region	4. Lower middle income	-99		GT	GTM	320	320	GT	GTM	-99	GTM	GTM	-99	-99	North America	Americas	Central America	Latin America & Caribbean	9	9	5	4	1
3	Admin-0 country	6	United States of America	US1	1	2	Dependency	Guam	GUM	0	Guam	GUM	0	Guam	GUM	0	Guam	Guam	GUM	Guam		Guam	GU	Territory of Guam		U.S.A.		Guam		4	5	1	1	178430	2500	-99	2010	-99	6. Developing region	2. High income: nonOECD	-99		GU	GUM	316	316	GU	GUM	-99	GUM	GUM	-99	-99	Oceania	Oceania	Micronesia	East Asia & Pacific	4	4	4	2	-99
1	Admin-0 country	4	Guyana	GUY	0	2	Sovereign country	Guyana	GUY	0	Guyana	GUY	0	Guyana	GUY	0	Guyana	Guyana	GUY	Guyana		Guy.	GY	Co-operative Republic of Guyana				Guyana		3	1	4	8	772298	2966	-99	2002	-99	6. Developing region	4. Lower middle income	-99		GY	GUY	328	328	GY	GUY	-99	GUY	GUY	-99	-99	South America	Americas	South America	Latin America & Caribbean	6	6	4	-99	1
3	Admin-0 country	4	China	CH1	1	2	Country	Hong Kong S.A.R.	HKG	0	Hong Kong S.A.R.	HKG	0	Hong Kong S.A.R.	HKG	0	Hong Kong	Hong Kong	HKG	Hong Kong		H.K.	HK	Hong Kong Special Administrative Region, PRC		China		Hong Kong SAR, China		4	4	4	3	7061200	351119	2010	2006	2011	6. Developing region	2. High income: nonOECD	0		HK	HKG	344	344	HK	HKG	-99	HKG	HKG	-99	-99	Asia	Asia	Eastern Asia	East Asia & Pacific	9	9	4	-99	-99
5	Admin-0 country	5	Australia	AU1	1	2	Dependency	Heard Island and McDonald Islands	HMD	0	Heard Island and McDonald Islands	HMD	0	Heard Island and McDonald Islands	HMD	0	Heard I. and McDonald Is.	Heard I. and McDonald Islands	HMD	Heard I. and McDonald Is.		H.M.Is.	HM	Territory of Heard Island and McDonald Islands		Auz.		Heard Island and McDonald Islands		1	2	2	7	-99	-99	-99	-99	-99	7. Least developed region	5. Low income	-99		HM	HMD	334	-099	-99	-99	-99	HMD	HMD	-99	-99	Seven seas (open ocean)	Seven seas (open ocean)	Seven seas (open ocean)	Sub-Saharan Africa	25	29	7	-99	-99
1	Admin-0 country	5	Honduras	HND	0	2	Sovereign country	Honduras	HND	0	Honduras	HND	0	Honduras	HND	0	Honduras	Honduras	HND	Honduras		Hond.	HN	Republic of Honduras				Honduras		2	5	2	5	7792854	33720	-99	2001	-99	6. Developing region	4. Lower middle income	-99		HN	HND	340	340	HN	HND	-99	HND	HND	-99	-99	North America	Americas	Central America	Latin America & Caribbean	8	8	5	-99	1
1	Admin-0 country	6	Croatia	HRV	0	2	Sovereign country	Croatia	HRV	0	Croatia	HRV	0	Croatia	HRV	0	Croatia	Croatia	HRV	Croatia		Cro.	HR	Republic of Croatia				Croatia		5	4	5	1	4489409	82390	-99	2011	-99	2. Developed region: nonG7	2. High income: nonOECD	-99		HR	HRV	191	191	HR	HRV	-99	HRV	HRV	-99	-99	Europe	Europe	Southern Europe	Europe & Central Asia	7	7	4	-99	1
1	Admin-0 country	5	Haiti	HTI	0	2	Sovereign country	Haiti	HTI	0	Haiti	HTI	0	Haiti	HTI	0	Haiti	Haiti	HTI	Haiti		Haiti	HT	Republic of Haiti				Haiti		2	1	7	2	9035536	11500	-99	2003	-99	7. Least developed region	5. Low income	-99		HT	HTI	332	332	HT	HTI	-99	HTI	HTI	-99	-99	North America	Americas	Caribbean	Latin America & Caribbean	5	5	5	-99	1
1	Admin-0 country	5	Hungary	HUN	0	2	Sovereign country	Hungary	HUN	0	Hungary	HUN	0	Hungary	HUN	0	Hungary	Hungary	HUN	Hungary		Hun.	HU	Republic of Hungary				Hungary		4	6	1	5	9905596	196600	-99	2001	-99	2. Developed region: nonG7	1. High income: OECD	-99		HU	HUN	348	348	HU	HUN	-99	HUN	HUN	-99	-99	Europe	Europe	Eastern Europe	Europe & Central Asia	7	7	4	-99	1
1	Admin-0 country	2	Indonesia	IDN	0	2	Sovereign country	Indonesia	IDN	0	Indonesia	IDN	0	Indonesia	IDN	0	Indonesia	Indonesia	IDN	Indonesia		Indo.	INDO	Republic of Indonesia				Indonesia		6	6	6	11	240271522	914600	-99	2010	-99	4. Emerging region: MIKT	4. Lower middle income	-99		ID	IDN	360	360	ID	IDN	-99	IDN	IDN	-99	-99	Asia	Asia	South-Eastern Asia	East Asia & Pacific	9	9	5	-99	1
3	Admin-0 country	6	United Kingdom	GB1	1	2	Country	Isle of Man	IMN	0	Isle of Man	IMN	0	Isle of Man	IMN	0	Isle of Man	Isle of Man	IMN	Isle of Man		IoMan	IM			U.K. crown dependency		Isle of Man		6	6	6	3	76512	2719	-99	2006	-99	2. Developed region: nonG7	2. High income: nonOECD	-99		IM	IMN	833	833	IM	IMY	-99	IMN	IMN	-99	-99	Europe	Europe	Northern Europe	Europe & Central Asia	11	11	5	-99	-99
1	Admin-0 country	2	India	IND	0	2	Sovereign country	India	IND	0	India	IND	0	India	IND	0	India	India	IND	India		India	IND	Republic of India				India		1	3	2	2	1166079220	3297000	-99	2011	-99	3. Emerging region: BRIC	4. Lower middle income	-99		IN	IND	356	356	IN	IND	-99	IND	IND	-99	-99	Asia	Asia	Southern Asia	South Asia	5	5	5	-99	1
3	Admin-0 country	5	United Kingdom	GB1	1	2	Dependency	British Indian Ocean Territory	IOT	0	British Indian Ocean Territory	IOT	0	British Indian Ocean Territory	IOT	1	Br. Indian Ocean Ter.	British Indian Ocean Territory	B69	Br. Indian Ocean Ter.		I.O.T.	IO			U.K.	Admin. by U.K.; Claimed by Mauritius and Seychelles	British Indian Ocean Territory		6	6	6	3	4000	160	-99	-99	-99	2. Developed region: nonG7	2. High income: nonOECD	-99		IO	IOT	086	-099	-99	-99	-99	IOT	IOT	-99	-99	Seven seas (open ocean)	Seven seas (open ocean)	Seven seas (open ocean)	Sub-Saharan Africa	21	30	6	5	-99
1	Admin-0 country	3	Ireland	IRL	0	2	Sovereign country	Ireland	IRL	0	Ireland	IRL	0	Ireland	IRL	0	Ireland	Ireland	IRL	Ireland		Ire.	IRL	Ireland				Ireland		2	3	2	2	4203200	188400	-99	2011	-99	2. Developed region: nonG7	1. High income: OECD	-99		IE	IRL	372	372	IE	IRL	-99	IRL	IRL	-99	-99	Europe	Europe	Northern Europe	Europe & Central Asia	7	7	4	-99	1
1	Admin-0 country	2	Iran	IRN	0	2	Sovereign country	Iran	IRN	0	Iran	IRN	0	Iran	IRN	0	Iran	Iran	IRN	Iran		Iran	IRN	Islamic Republic of Iran				Iran, Islamic Rep.		4	3	4	13	66429284	841700	-99	2006	-99	5. Emerging region: G20	3. Upper middle income	-99		IR	IRN	364	364	IR	IRN	-99	IRN	IRN	-99	-99	Asia	Asia	Southern Asia	Middle East & North Africa	4	4	4	-99	1
1	Admin-0 country	3	Iraq	IRQ	0	2	Sovereign country	Iraq	IRQ	0	Iraq	IRQ	0	Iraq	IRQ	0	Iraq	Iraq	IRQ	Iraq		Iraq	IRQ	Republic of Iraq				Iraq		1	4	3	1	31129225	103900	-99	1997	-99	6. Developing region	4. Lower middle income	-99		IQ	IRQ	368	368	IQ	IRQ	-99	IRQ	IRQ	-99	-99	Asia	Asia	Western Asia	Middle East & North Africa	4	4	4	-99	1
1	Admin-0 country	3	Iceland	ISL	0	2	Sovereign country	Iceland	ISL	0	Iceland	ISL	0	Iceland	ISL	0	Iceland	Iceland	ISL	Iceland		Iceland	IS	Republic of Iceland				Iceland		1	4	4	9	306694	12710	-99	-99	-99	2. Developed region: nonG7	1. High income: OECD	-99		IS	ISL	352	352	IS	ISL	-99	ISL	ISL	-99	-99	Europe	Europe	Northern Europe	Europe & Central Asia	7	7	7	-99	1
1	Admin-0 country	4	Israel	ISR	0	2	Sovereign country	Israel	ISR	0	Israel	ISR	0	Israel	ISR	0	Israel	Israel	ISR	Israel		Isr.	IS	State of Israel				Israel		3	2	5	9	7233701	201400	-99	2009	-99	2. Developed region: nonG7	1. High income: OECD	-99		IL	ISR	376	376	IL	ISR	-99	ISR	ISR	-99	-99	Asia	Asia	Western Asia	Middle East & North Africa	6	6	4	-99	1
1	Admin-0 country	2	Italy	ITA	0	2	Sovereign country	Italy	ITA	0	Italy	ITA	0	Italy	ITA	0	Italy	Italy	ITA	Italy		Italy	I	Italian Republic				Italy		6	7	8	7	58126212	1823000	-99	2012	-99	1. Developed region: G7	1. High income: OECD	-99		IT	ITA	380	380	IT	ITA	-99	ITA	ITA	-99	-99	Europe	Europe	Southern Europe	Europe & Central Asia	5	5	5	-99	1
1	Admin-0 country	4	Jamaica	JAM	0	2	Sovereign country	Jamaica	JAM	0	Jamaica	JAM	0	Jamaica	JAM	0	Jamaica	Jamaica	JAM	Jamaica		Jam.	J	Jamaica				Jamaica		1	2	4	10	2825928	20910	-99	2011	-99	6. Developing region	3. Upper middle income	-99		JM	JAM	388	388	JM	JAM	-99	JAM	JAM	-99	-99	North America	Americas	Caribbean	Latin America & Caribbean	7	7	4	-99	1
4	Admin-0 country	6	United Kingdom	GB1	1	2	Country	Jersey	JEY	0	Jersey	JEY	0	Jersey	JEY	0	Jersey	Jersey	JEY	Jersey	Channel Islands	Jey.	JE	Bailiwick of Jersey		U.K. crown dependency		Jersey		6	6	6	3	91626	5100	-99	2001	-99	2. Developed region: nonG7	2. High income: nonOECD	-99		JE	JEY	832	832	JG	CHI	-99	JEY	JEY	-99	-99	Europe	Europe	Northern Europe	Europe & Central Asia	6	6	4	-99	-99
1	Admin-0 country	4	Jordan	JOR	0	2	Sovereign country	Jordan	JOR	0	Jordan	JOR	0	Jordan	JOR	0	Jordan	Jordan	JOR	Jordan		Jord.	J	Hashemite Kingdom of Jordan				Jordan		5	3	4	4	6342948	31610	-99	2004	-99	6. Developing region	3. Upper middle income	-99		JO	JOR	400	400	JO	JOR	-99	JOR	JOR	-99	-99	Asia	Asia	Western Asia	Middle East & North Africa	6	6	5	-99	1
1	Admin-0 country	2	Japan	JPN	0	2	Sovereign country	Japan	JPN	0	Japan	JPN	0	Japan	JPN	0	Japan	Japan	JPN	Japan		Japan	J	Japan				Japan		5	3	5	4	127078679	4329000	-99	2010	-99	1. Developed region: G7	1. High income: OECD	-99		JP	JPN	392	392	JP	JPN	-99	JPN	JPN	-99	-99	Asia	Asia	Eastern Asia	East Asia & Pacific	5	5	5	-99	1
1	Admin-0 country	3	Kazakhstan	KAZ	0	2	Sovereign country	Kazakhstan	KAZ	0	Kazakhstan	KAZ	0	Kazakhstan	KAZ	0	Kazakhstan	Kazakhstan	KAZ	Kazakhstan		Kaz.	KZ	Republic of Kazakhstan				Kazakhstan		6	1	6	1	15399437	175800	-99	2009	-99	6. Developing region	3. Upper middle income	-99		KZ	KAZ	398	398	KZ	KAZ	-99	KAZ	KAZ	-99	-99	Asia	Asia	Central Asia	Europe & Central Asia	10	10	4	-99	1
1	Admin-0 country	2	Kenya	KEN	0	2	Sovereign country	Kenya	KEN	0	Kenya	KEN	0	Kenya	KEN	0	Kenya	Kenya	KEN	Kenya		Ken.	KE	Republic of Kenya				Kenya		5	2	7	3	39002772	61510	-99	2009	-99	5. Emerging region: G20	5. Low income	-99		KE	KEN	404	404	KE	KEN	-99	KEN	KEN	-99	-99	Africa	Africa	Eastern Africa	Sub-Saharan Africa	5	5	4	-99	1
1	Admin-0 country	4	Kyrgyzstan	KGZ	0	2	Sovereign country	Kyrgyzstan	KGZ	0	Kyrgyzstan	KGZ	0	Kyrgyzstan	KGZ	0	Kyrgyzstan	Kyrgyzstan	KGZ	Kyrgyzstan		Kgz.	KG	Kyrgyz Republic				Kyrgyz Republic		5	7	7	6	5431747	11610	-99	2009	-99	6. Developing region	5. Low income	-99		KG	KGZ	417	417	KG	KGZ	-99	KGZ	KGZ	-99	-99	Asia	Asia	Central Asia	Europe & Central Asia	10	10	4	-99	1
1	Admin-0 country	3	Cambodia	KHM	0	2	Sovereign country	Cambodia	KHM	0	Cambodia	KHM	0	Cambodia	KHM	0	Cambodia	Cambodia	KHM	Cambodia		Camb.	KH	Kingdom of Cambodia				Cambodia		6	3	6	5	14494293	27940	-99	2008	-99	7. Least developed region	5. Low income	-99		KH	KHM	116	116	KH	KHM	-99	KHM	KHM	-99	-99	Asia	Asia	South-Eastern Asia	East Asia & Pacific	8	8	5	-99	1
1	Admin-0 country	6	Kiribati	KIR	0	2	Sovereign country	Kiribati	KIR	0	Kiribati	KIR	0	Kiribati	KIR	0	Kiribati	Kiribati	KIR	Kiribati		Kir.	KI	Republic of Kiribati				Kiribati		5	7	6	12	112850	579.5	-99	2005	-99	7. Least developed region	4. Lower middle income	-99		KI	KIR	296	296	KI	KIR	-99	KIR	KIR	-99	-99	Oceania	Oceania	Micronesia	East Asia & Pacific	8	8	4	2	1
1	Admin-0 country	6	Saint Kitts and Nevis	KNA	0	2	Sovereign country	Saint Kitts and Nevis	KNA	0	Saint Kitts and Nevis	KNA	0	Saint Kitts and Nevis	KNA	0	St. Kitts and Nevis	Saint Kitts and Nevis	KNA	Saint Kitts and Nevis		St.K.N.	KN	Federation of Saint Kitts and Nevis				St. Kitts and Nevis		1	4	1	8	40131	777.7	-99	2011	-99	6. Developing region	2. High income: nonOECD	-99		KN	KNA	659	659	KN	KNA	-99	KNA	KNA	-99	-99	North America	Americas	Caribbean	Latin America & Caribbean	19	21	7	4	1
1	Admin-0 country	2	South Korea	KOR	0	2	Sovereign country	South Korea	KOR	0	South Korea	KOR	0	South Korea	KOR	0	Korea	Republic of Korea	KOR	Republic of Korea		S.K.	KR	Republic of Korea				Korea, Rep.		4	1	1	5	48508972	1335000	-99	2010	-99	4. Emerging region: MIKT	1. High income: OECD	-99		KR	KOR	410	410	KR	KOR	-99	KOR	KOR	-99	-99	Asia	Asia	Eastern Asia	East Asia & Pacific	5	17	4	-99	1
1	Admin-0 country	6	Kuwait	KWT	0	2	Sovereign country	Kuwait	KWT	0	Kuwait	KWT	0	Kuwait	KWT	0	Kuwait	Kuwait	KWT	Kuwait		Kwt.	KW	State of Kuwait				Kuwait		2	2	2	2	2691158	149100	-99	2010	-99	6. Developing region	2. High income: nonOECD	-99		KW	KWT	414	414	KW	KWT	-99	KWT	KWT	-99	-99	Asia	Asia	Western Asia	Middle East & North Africa	6	6	4	-99	1
1	Admin-0 country	4	Laos	LAO	0	2	Sovereign country	Laos	LAO	0	Laos	LAO	0	Laos	LAO	0	Lao PDR	Lao PDR	LAO	Laos		Laos	LA	Lao People's Democratic Republic				Lao PDR		1	1	1	9	6834942	13980	-99	2005	-99	7. Least developed region	4. Lower middle income	-99		LA	LAO	418	418	LA	LAO	-99	LAO	LAO	-99	-99	Asia	Asia	South-Eastern Asia	East Asia & Pacific	7	7	4	-99	1
1	Admin-0 country	5	Lebanon	LBN	0	2	Sovereign country	Lebanon	LBN	0	Lebanon	LBN	0	Lebanon	LBN	0	Lebanon	Lebanon	LBN	Lebanon		Leb.	LB	Lebanese Republic				Lebanon		4	4	4	12	4017095	44060	-99	1970	-99	6. Developing region	3. Upper middle income	-99		LB	LBN	422	422	LB	LBN	-99	LBN	LBN	-99	-99	Asia	Asia	Western Asia	Middle East & North Africa	7	7	4	4	1
1	Admin-0 country	4	Liberia	LBR	0	2	Sovereign country	Liberia	LBR	0	Liberia	LBR	0	Liberia	LBR	0	Liberia	Liberia	LBR	Liberia		Liberia	LR	Republic of Liberia				Liberia		2	3	4	9	3441790	1526	-99	2008	-99	7. Least developed region	5. Low income	-99		LR	LBR	430	430	LR	LBR	-99	LBR	LBR	-99	-99	Africa	Africa	Western Africa	Sub-Saharan Africa	7	7	7	-99	1
1	Admin-0 country	3	Libya	LBY	0	2	Sovereign country	Libya	LBY	0	Libya	LBY	0	Libya	LBY	0	Libya	Libya	LBY	Libya		Libya	LY	Libya				Libya		1	2	2	11	6310434	88830	-99	2006	-99	6. Developing region	3. Upper middle income	-99		LY	LBY	434	434	LY	LBY	-99	LBY	LBY	-99	-99	Africa	Africa	Northern Africa	Middle East & North Africa	5	5	5	-99	1
1	Admin-0 country	6	Saint Lucia	LCA	0	2	Sovereign country	Saint Lucia	LCA	0	Saint Lucia	LCA	0	Saint Lucia	LCA	0	Saint Lucia	Saint Lucia	LCA	Saint Lucia		S.L.	LC	Saint Lucia				St. Lucia		3	4	3	4	160267	1778	-99	2010	-99	6. Developing region	3. Upper middle income	-99		LC	LCA	662	662	LC	LCA	-99	LCA	LCA	-99	-99	North America	Americas	Caribbean	Latin America & Caribbean	11	11	4	4	1
1	Admin-0 country	6	Liechtenstein	LIE	0	2	Sovereign country	Liechtenstein	LIE	0	Liechtenstein	LIE	0	Liechtenstein	LIE	0	Liechtenstein	Liechtenstein	LIE	Liechtenstein		Liech.	FL	Principality of Liechtenstein				Liechtenstein		2	4	2	9	34761	4160	-99	2010	-99	2. Developed region: nonG7	2. High income: nonOECD	-99		LI	LIE	438	438	LI	LIE	-99	LIE	LIE	-99	-99	Europe	Europe	Western Europe	Europe & Central Asia	13	13	6	6	1
1	Admin-0 country	3	Sri Lanka	LKA	0	2	Sovereign country	Sri Lanka	LKA	0	Sri Lanka	LKA	0	Sri Lanka	LKA	0	Sri Lanka	Sri Lanka	LKA	Sri Lanka		Sri L.	LK	Democratic Socialist Republic of Sri Lanka				Sri Lanka		3	5	4	9	21324791	91870	-99	2001	-99	6. Developing region	4. Lower middle income	-99		LK	LKA	144	144	LK	LKA	-99	LKA	LKA	-99	-99	Asia	Asia	Southern Asia	South Asia	9	9	6	-99	1
1	Admin-0 country	6	Lesotho	LSO	0	2	Sovereign country	Lesotho	LSO	0	Lesotho	LSO	0	Lesotho	LSO	0	Lesotho	Lesotho	LSO	Lesotho		Les.	LS	Kingdom of Lesotho				Lesotho		1	5	2	8	2130819	3293	-99	2006	-99	7. Least developed region	4. Lower middle income	-99		LS	LSO	426	426	LS	LSO	-99	LSO	LSO	-99	-99	Africa	Africa	Southern Africa	Sub-Saharan Africa	7	7	4	-99	1
1	Admin-0 country	5	Lithuania	LTU	0	2	Sovereign country	Lithuania	LTU	0	Lithuania	LTU	0	Lithuania	LTU	0	Lithuania	Lithuania	LTU	Lithuania		Lith.	LT	Republic of Lithuania				Lithuania		6	3	3	9	3555179	63330	-99	2011	-99	2. Developed region: nonG7	3. Upper middle income	-99		LT	LTU	440	440	LT	LTU	-99	LTU	LTU	-99	-99	Europe	Europe	Northern Europe	Europe & Central Asia	9	9	5	-99	1
1	Admin-0 country	6	Luxembourg	LUX	0	2	Sovereign country	Luxembourg	LUX	0	Luxembourg	LUX	0	Luxembourg	LUX	0	Luxembourg	Luxembourg	LUX	Luxembourg		Lux.	L	Grand Duchy of Luxembourg				Luxembourg		1	7	3	7	491775	39370	-99	2011	-99	2. Developed region: nonG7	1. High income: OECD	-99		LU	LUX	442	442	LU	LUX	-99	LUX	LUX	-99	-99	Europe	Europe	Western Europe	Europe & Central Asia	10	10	4	5	1
1	Admin-0 country	5	Latvia	LVA	0	2	Sovereign country	Latvia	LVA	0	Latvia	LVA	0	Latvia	LVA	0	Latvia	Latvia	LVA	Latvia		Lat.	LV	Republic of Latvia				Latvia		4	7	6	13	2231503	38860	-99	2011	-99	2. Developed region: nonG7	3. Upper middle income	-99		LV	LVA	428	428	LV	LVA	-99	LVA	LVA	-99	-99	Europe	Europe	Northern Europe	Europe & Central Asia	6	6	4	-99	1
3	Admin-0 country	4	China	CH1	1	2	Country	Macao S.A.R	MAC	0	Macao S.A.R	MAC	0	Macao S.A.R	MAC	0	Macao	Macao	MAC	Macao		Mac.	MO	Macao Special Administrative Region, PRC		China		Macao SAR, China		4	4	4	3	559846	18140	-99	2011	-99	6. Developing region	2. High income: nonOECD	-99		MO	MAC	446	446	MO	MAC	-99	MAC	MAC	-99	-99	Asia	Asia	Eastern Asia	East Asia & Pacific	5	5	4	-99	-99
3	Admin-0 country	6	France	FR1	1	2	Dependency	Saint Martin	MAF	0	Saint Martin	MAF	0	Saint Martin	MAF	0	St-Martin	Saint-Martin	MAF	Saint-Martin		St. M.	MF	Saint-Martin (French part)		Fr.		St. Martin (French part)		7	5	9	11	36661	449	2008	-99	1999	6. Developing region	2. High income: nonOECD	0		MF	MAF	663	663	MF	MAF	-99	MAF	MAF	-99	-99	North America	Americas	Caribbean	Latin America & Caribbean	9	12	6	4	-99
1	Admin-0 country	3	Morocco	MAR	0	2	Sovereign country	Morocco	MAR	0	Morocco	MAR	0	Morocco	MAR	0	Morocco	Morocco	MAR	Morocco		Mor.	MA	Kingdom of Morocco				Morocco		2	2	3	9	34859364	136600	-99	2004	-99	6. Developing region	4. Lower middle income	-99		MA	MAR	504	504	MA	MAR	-99	MAR	MAR	-99	-99	Africa	Africa	Northern Africa	Middle East & North Africa	7	7	4	-99	1
6	Admin-0 country	6	Monaco	MCO	0	2	Sovereign country	Monaco	MCO	0	Monaco	MCO	0	Monaco	MCO	0	Monaco	Monaco	MCO	Monaco		Mco.	MC	Principality of Monaco				Monaco		1	1	2	12	32965	976.3	-99	2008	-99	2. Developed region: nonG7	2. High income: nonOECD	-99		MC	MCO	492	492	MC	MCO	-99	MCO	MCO	-99	-99	Europe	Europe	Western Europe	Europe & Central Asia	6	6	4	5	1
1	Admin-0 country	6	Moldova	MDA	0	2	Sovereign country	Moldova	MDA	0	Moldova	MDA	0	Moldova	MDA	0	Moldova	Moldova	MDA	Moldova		Mda.	MD	Republic of Moldova				Moldova		3	5	4	12	4320748	10670	-99	2004	-99	6. Developing region	4. Lower middle income	-99		MD	MDA	498	498	MD	MDA	-99	MDA	MDA	-99	-99	Europe	Europe	Eastern Europe	Europe & Central Asia	7	7	4	-99	1
1	Admin-0 country	3	Madagascar	MDG	0	2	Sovereign country	Madagascar	MDG	0	Madagascar	MDG	0	Madagascar	MDG	0	Madagascar	Madagascar	MDG	Madagascar		Mad.	MG	Republic of Madagascar				Madagascar		6	5	2	3	20653556	20130	-99	1993	-99	7. Least developed region	5. Low income	-99		MG	MDG	450	450	MG	MDG	-99	MDG	MDG	-99	-99	Africa	Africa	Eastern Africa	Sub-Saharan Africa	10	10	4	-99	1
3	Admin-0 country	5	Maldives	MDV	0	2	Sovereign country	Maldives	MDV	0	Maldives	MDV	0	Maldives	MDV	0	Maldives	Maldives	MDV	Maldives		Mald.	MV	Republic of Maldives				Maldives		2	3	1	7	396334	1716	-99	2011	-99	6. Developing region	3. Upper middle income	-99		MV	MDV	462	462	MV	MDV	-99	MDV	B13	-99	-99	Seven seas (open ocean)	Asia	Southern Asia	South Asia	8	8	5	2	1
1	Admin-0 country	2	Mexico	MEX	0	2	Sovereign country	Mexico	MEX	0	Mexico	MEX	0	Mexico	MEX	0	Mexico	Mexico	MEX	Mexico		Mex.	MX	United Mexican States				Mexico		6	1	7	3	111211789	1563000	-99	2010	-99	4. Emerging region: MIKT	3. Upper middle income	-99		MX	MEX	484	484	MX	MEX	-99	MEX	MEX	-99	-99	North America	Americas	Central America	Latin America & Caribbean	6	6	4	-99	1
5	Admin-0 country	6	Marshall Islands	MHL	0	2	Sovereign country	Marshall Islands	MHL	0	Marshall Islands	MHL	0	Marshall Islands	MHL	0	Marshall Is.	Marshall Islands	MHL	Marshall Is.		M. Is.	MH	Republic of the Marshall Islands				Marshall Islands		2	5	5	3	64522	133.5	-99	2011	-99	6. Developing region	4. Lower middle income	-99		MH	MHL	584	584	MH	MHL	-99	MHL	MHL	-99	-99	Oceania	Oceania	Micronesia	East Asia & Pacific	12	16	6	2	1
1	Admin-0 country	6	Macedonia	MKD	0	2	Sovereign country	Macedonia	MKD	0	Macedonia	MKD	0	Macedonia	MKD	0	Macedonia	Macedonia	MKD	Macedonia		Mkd.	MK	Former Yugoslav Republic of Macedonia				Macedonia, FYR		5	3	7	3	2066718	18780	-99	2010	-99	6. Developing region	3. Upper middle income	-99		MK	MKD	807	807	MK	MKD	-99	MKD	MKD	-99	-99	Europe	Europe	Southern Europe	Europe & Central Asia	9	9	4	-99	1
1	Admin-0 country	3	Mali	MLI	0	2	Sovereign country	Mali	MLI	0	Mali	MLI	0	Mali	MLI	0	Mali	Mali	MLI	Mali		Mali	ML	Republic of Mali				Mali		1	4	1	7	12666987	14590	-99	2009	-99	7. Least developed region	5. Low income	-99		ML	MLI	466	466	ML	MLI	-99	MLI	MLI	-99	-99	Africa	Africa	Western Africa	Sub-Saharan Africa	4	4	4	-99	1
3	Admin-0 country	5	Malta	MLT	0	2	Sovereign country	Malta	MLT	0	Malta	MLT	0	Malta	MLT	0	Malta	Malta	MLT	Malta		Malta	M	Republic of Malta				Malta		1	4	1	8	405165	9962	-99	2005	-99	2. Developed region: nonG7	2. High income: nonOECD	-99		MT	MLT	470	470	MT	MLT	-99	MLT	MLT	-99	-99	Europe	Europe	Southern Europe	Middle East & North Africa	5	5	5	3	1
1	Admin-0 country	3	Myanmar	MMR	0	2	Sovereign country	Myanmar	MMR	0	Myanmar	MMR	0	Myanmar	MMR	0	Myanmar	Myanmar	MMR	Myanmar		Myan.	MM	Republic of the Union of Myanmar				Myanmar		2	2	5	13	48137741	55130	-99	1983	-99	7. Least developed region	5. Low income	-99		MM	MMR	104	104	MM	MMR	-99	MMR	MMR	-99	-99	Asia	Asia	South-Eastern Asia	East Asia & Pacific	7	7	5	-99	1
1	Admin-0 country	6	Montenegro	MNE	0	2	Sovereign country	Montenegro	MNE	0	Montenegro	MNE	0	Montenegro	MNE	0	Montenegro	Montenegro	MNE	Montenegro		Mont.	ME	Montenegro				Montenegro		4	1	4	5	672180	6816	-99	2011	-99	6. Developing region	3. Upper middle income	-99		ME	MNE	499	499	ME	MNE	-99	MNE	MNE	-99	-99	Europe	Europe	Southern Europe	Europe & Central Asia	10	10	5	-99	1
1	Admin-0 country	3	Mongolia	MNG	0	2	Sovereign country	Mongolia	MNG	0	Mongolia	MNG	0	Mongolia	MNG	0	Mongolia	Mongolia	MNG	Mongolia		Mong.	MN	Mongolia				Mongolia		3	5	5	6	3041142	9476	-99	2010	-99	6. Developing region	4. Lower middle income	-99		MN	MNG	496	496	MN	MNG	-99	MNG	MNG	-99	-99	Asia	Asia	Eastern Asia	East Asia & Pacific	8	8	5	-99	1
3	Admin-0 country	6	United States of America	US1	1	2	Dependency	Northern Mariana Islands	MNP	0	Northern Mariana Islands	MNP	0	Northern Mariana Islands	MNP	0	N. Mariana Is.	Northern Mariana Islands	MNP	N. Mariana Is.		N.M.I.	MP	Commonwealth of the Northern Mariana Islands		Commonwealth of U.S.A.		Northern Mariana Islands		4	5	1	1	88662	900	-99	2010	-99	6. Developing region	2. High income: nonOECD	-99		MP	MNP	580	580	MP	MNP	-99	MNP	MNP	-99	-99	Oceania	Oceania	Micronesia	East Asia & Pacific	14	24	6	3	-99
1	Admin-0 country	3	Mozambique	MOZ	0	2	Sovereign country	Mozambique	MOZ	0	Mozambique	MOZ	0	Mozambique	MOZ	0	Mozambique	Mozambique	MOZ	Mozambique		Moz.	MZ	Republic of Mozambique				Mozambique		4	2	1	4	21669278	18940	-99	2007	-99	7. Least developed region	5. Low income	-99		MZ	MOZ	508	508	MZ	MOZ	-99	MOZ	MOZ	-99	-99	Africa	Africa	Eastern Africa	Sub-Saharan Africa	10	10	4	-99	1
1	Admin-0 country	3	Mauritania	MRT	0	2	Sovereign country	Mauritania	MRT	0	Mauritania	MRT	0	Mauritania	MRT	0	Mauritania	Mauritania	MRT	Mauritania		Mrt.	MR	Islamic Republic of Mauritania				Mauritania		3	3	2	1	3129486	6308	-99	2000	-99	7. Least developed region	5. Low income	-99		MR	MRT	478	478	MR	MRT	-99	MRT	MRT	-99	-99	Africa	Africa	Western Africa	Sub-Saharan Africa	10	10	4	-99	1
3	Admin-0 country	6	United Kingdom	GB1	1	2	Dependency	Montserrat	MSR	0	Montserrat	MSR	0	Montserrat	MSR	0	Montserrat	Montserrat	MSR	Montserrat		Monts.	MS			U.K.		Montserrat		6	6	6	3	5097	29	-99	-99	-99	6. Developing region	4. Lower middle income	-99		MS	MSR	500	500	-99	-99	-99	MSR	MSR	-99	-99	North America	Americas	Caribbean	Latin America & Caribbean	10	10	6	6	-99
1	Admin-0 country	5	Mauritius	MUS	0	2	Sovereign country	Mauritius	MUS	0	Mauritius	MUS	0	Mauritius	MUS	0	Mauritius	Mauritius	MUS	Mauritius		Mus.	MU	Republic of Mauritius				Mauritius		1	3	5	7	1284264	15270	-99	2011	-99	6. Developing region	3. Upper middle income	-99		MU	MUS	480	480	MU	MUS	-99	MUS	MUS	-99	-99	Seven seas (open ocean)	Africa	Eastern Africa	Sub-Saharan Africa	9	9	4	2	1
1	Admin-0 country	6	Malawi	MWI	0	2	Sovereign country	Malawi	MWI	0	Malawi	MWI	0	Malawi	MWI	0	Malawi	Malawi	MWI	Malawi		Mal.	MW	Republic of Malawi				Malawi		1	3	4	5	14268711	11810	-99	2008	-99	7. Least developed region	5. Low income	-99		MW	MWI	454	454	MW	MWI	-99	MWI	MWI	-99	-99	Africa	Africa	Eastern Africa	Sub-Saharan Africa	6	6	4	-99	1
1	Admin-0 country	3	Malaysia	MYS	0	2	Sovereign country	Malaysia	MYS	0	Malaysia	MYS	0	Malaysia	MYS	0	Malaysia	Malaysia	MYS	Malaysia		Malay.	MY	Malaysia				Malaysia		2	4	3	6	25715819	384300	-99	2010	-99	6. Developing region	3. Upper middle income	-99		MY	MYS	458	458	MY	MYS	-99	MYS	MYS	-99	-99	Asia	Asia	South-Eastern Asia	East Asia & Pacific	8	8	6	-99	1
1	Admin-0 country	3	Namibia	NAM	0	2	Sovereign country	Namibia	NAM	0	Namibia	NAM	0	Namibia	NAM	0	Namibia	Namibia	NAM	Namibia		Nam.	NA	Republic of Namibia				Namibia		4	1	1	7	2108665	13250	-99	2001	-99	6. Developing region	3. Upper middle income	-99		NA	NAM	516	516	NA	NAM	-99	NAM	NAM	-99	-99	Africa	Africa	Southern Africa	Sub-Saharan Africa	7	7	4	-99	1
1	Admin-0 country	3	France	FR1	1	2	Dependency	New Caledonia	NCL	0	New Caledonia	NCL	0	New Caledonia	NCL	0	New Caledonia	New Caledonia	NCL	New Caledonia		New C.	NC	New Caledonia	Nouvelle-Calédonie	Fr.		New Caledonia		7	5	9	11	227436	3158	-99	2009	-99	6. Developing region	2. High income: nonOECD	-99		NC	NCL	540	540	NC	NCL	-99	NCL	NCL	-99	-99	Oceania	Oceania	Melanesia	East Asia & Pacific	13	13	6	-99	-99
1	Admin-0 country	3	Niger	NER	0	2	Sovereign country	Niger	NER	0	Niger	NER	0	Niger	NER	0	Niger	Niger	NER	Niger		Niger	NE	Republic of Niger				Niger		4	5	3	13	15306252	10040	-99	2001	-99	7. Least developed region	5. Low income	-99		NE	NER	562	562	NE	NER	-99	NER	NER	-99	-99	Africa	Africa	Western Africa	Sub-Saharan Africa	5	5	5	-99	1
5	Admin-0 country	5	Australia	AU1	1	2	Dependency	Norfolk Island	NFK	0	Norfolk Island	NFK	0	Norfolk Island	NFK	0	Norfolk Island	Norfolk Island	NFK	Norfolk Island		Nfk. I.	NF	Territory of Norfolk Island		Auz.		Norfolk Island		1	2	2	7	2141	32.115	-99	-99	-99	6. Developing region	4. Lower middle income	-99		NF	NFK	574	574	-99	-99	-99	NFK	NFK	-99	-99	Oceania	Oceania	Australia and New Zealand	East Asia & Pacific	14	14	7	-99	-99
1	Admin-0 country	2	Nigeria	NGA	0	2	Sovereign country	Nigeria	NGA	0	Nigeria	NGA	0	Nigeria	NGA	0	Nigeria	Nigeria	NGA	Nigeria		Nigeria	NG	Federal Republic of Nigeria				Nigeria		3	2	5	2	149229090	335400	-99	2006	-99	5. Emerging region: G20	4. Lower middle income	-99		NG	NGA	566	566	NG	NGA	-99	NGA	NGA	-99	-99	Africa	Africa	Western Africa	Sub-Saharan Africa	7	7	7	-99	1
1	Admin-0 country	5	Nicaragua	NIC	0	2	Sovereign country	Nicaragua	NIC	0	Nicaragua	NIC	0	Nicaragua	NIC	0	Nicaragua	Nicaragua	NIC	Nicaragua		Nic.	NI	Republic of Nicaragua				Nicaragua		1	4	1	9	5891199	16790	-99	2005	-99	6. Developing region	4. Lower middle income	-99		NI	NIC	558	558	NI	NIC	-99	NIC	NIC	-99	-99	North America	Americas	Central America	Latin America & Caribbean	9	9	4	-99	1
3	Admin-0 country	4	New Zealand	NZ1	1	2	Dependency	Niue	NIU	0	Niue	NIU	0	Niue	NIU	0	Niue	Niue	NIU	Niue		Niue	NU			Assoc. with N.Z.		Niue		3	3	4	4	1398	10.01	-99	-99	-99	6. Developing region	3. Upper middle income	-99		NU	NIU	570	570	-99	-99	-99	NIU	NIU	-99	-99	Oceania	Oceania	Polynesia	East Asia & Pacific	4	4	4	3	-99
1	Admin-0 country	5	Netherlands	NL1	1	2	Country	Netherlands	NLD	0	Netherlands	NLD	0	Netherlands	NLD	0	Netherlands	Netherlands	NLD	Netherlands		Neth.	NL	Kingdom of the Netherlands				Netherlands		4	2	2	9	16715999	672000	-99	2011	-99	2. Developed region: nonG7	1. High income: OECD	-99		NL	NLD	528	528	NL	NLD	-99	NLD	NLD	-99	-99	Europe	Europe	Western Europe	Europe & Central Asia	11	11	5	-99	1
1	Admin-0 country	3	Norway	NOR	0	2	Sovereign country	Norway	NOR	0	Norway	NOR	0	Norway	NOR	0	Norway	Norway	NOR	Norway		Nor.	N	Kingdom of Norway				Norway		5	3	8	12	4676305	276400	-99	2001	-99	2. Developed region: nonG7	1. High income: OECD	-99		NO	NOR	578	578	NO	NOR	-99	NOR	NOR	-99	-99	Europe	Europe	Northern Europe	Europe & Central Asia	6	6	4	-99	1
1	Admin-0 country	3	Nepal	NPL	0	2	Sovereign country	Nepal	NPL	0	Nepal	NPL	0	Nepal	NPL	0	Nepal	Nepal	NPL	Nepal		Nepal	NP	Nepal				Nepal		2	2	3	12	28563377	31080	-99	2001	-99	7. Least developed region	5. Low income	-99		NP	NPL	524	524	NP	NPL	-99	NPL	NPL	-99	-99	Asia	Asia	Southern Asia	South Asia	5	5	5	-99	1
3	Admin-0 country	6	Nauru	NRU	0	2	Sovereign country	Nauru	NRU	0	Nauru	NRU	0	Nauru	NRU	0	Nauru	Nauru	NRU	Nauru		Nauru	NR	Republic of Nauru				Nauru		3	7	6	9	14019	60	-99	-99	-99	6. Developing region	4. Lower middle income	-99		NR	NRU	520	520	-99	-99	-99	NRU	NRU	-99	-99	Oceania	Oceania	Micronesia	East Asia & Pacific	5	5	5	3	1
1	Admin-0 country	2	New Zealand	NZ1	1	2	Country	New Zealand	NZL	0	New Zealand	NZL	0	New Zealand	NZL	0	New Zealand	New Zealand	NZL	New Zealand		N.Z.	NZ	New Zealand				New Zealand		3	3	4	4	4213418	116700	-99	2006	-99	2. Developed region: nonG7	1. High income: OECD	-99		NZ	NZL	554	554	NZ	NZL	-99	NZL	NZL	-99	-99	Oceania	Oceania	Australia and New Zealand	East Asia & Pacific	11	11	4	-99	1
1	Admin-0 country	4	Oman	OMN	0	2	Sovereign country	Oman	OMN	0	Oman	OMN	0	Oman	OMN	0	Oman	Oman	OMN	Oman		Oman	OM	Sultanate of Oman				Oman		1	4	1	6	3418085	66980	-99	2010	-99	6. Developing region	2. High income: nonOECD	-99		OM	OMN	512	512	OM	OMN	-99	OMN	OMN	-99	-99	Asia	Asia	Western Asia	Middle East & North Africa	4	4	4	-99	1
1	Admin-0 country	2	Pakistan	PAK	0	2	Sovereign country	Pakistan	PAK	0	Pakistan	PAK	0	Pakistan	PAK	0	Pakistan	Pakistan	PAK	Pakistan		Pak.	PK	Islamic Republic of Pakistan				Pakistan		2	2	3	11	176242949	427300	-99	1998	-99	5. Emerging region: G20	4. Lower middle income	-99		PK	PAK	586	586	PK	PAK	-99	PAK	PAK	-99	-99	Asia	Asia	Southern Asia	South Asia	8	8	4	-99	1
1	Admin-0 country	4	Panama	PAN	0	2	Sovereign country	Panama	PAN	0	Panama	PAN	0	Panama	PAN	0	Panama	Panama	PAN	Panama		Pan.	PA	Republic of Panama				Panama		4	4	6	3	3360474	38830	-99	2010	-99	6. Developing region	3. Upper middle income	-99		PA	PAN	591	591	PA	PAN	-99	PAN	PAN	-99	-99	North America	Americas	Central America	Latin America & Caribbean	6	6	4	-99	1
3	Admin-0 country	4	United Kingdom	GB1	1	2	Dependency	Pitcairn Islands	PCN	0	Pitcairn Islands	PCN	0	Pitcairn Islands	PCN	0	Pitcairn Is.	Pitcairn Islands	PCN	Pitcairn Is.		Pit. Is.	PN	Pitcairn, Henderson, Ducie and Oeno Islands		U.K.		Pitcairn Islands		6	6	6	3	48	0.72	-99	-99	-99	7. Least developed region	5. Low income	-99		PN	PCN	612	612	-99	-99	-99	PCN	PCN	-99	-99	Oceania	Oceania	Polynesia	East Asia & Pacific	12	16	8	-99	-99
1	Admin-0 country	2	Peru	PER	0	2	Sovereign country	Peru	PER	0	Peru	PER	0	Peru	PER	0	Peru	Peru	PER	Peru		Peru	PE	Republic of Peru				Peru		4	4	4	11	29546963	247300	-99	2007	-99	5. Emerging region: G20	3. Upper middle income	-99		PE	PER	604	604	PE	PER	-99	PER	PER	-99	-99	South America	Americas	South America	Latin America & Caribbean	4	4	4	-99	1
1	Admin-0 country	2	Philippines	PHL	0	2	Sovereign country	Philippines	PHL	0	Philippines	PHL	0	Philippines	PHL	0	Philippines	Philippines	PHL	Philippines		Phil.	PH	Republic of the Philippines				Philippines		3	2	2	8	97976603	317500	-99	2010	-99	5. Emerging region: G20	4. Lower middle income	-99		PH	PHL	608	608	PH	PHL	-99	PHL	PHL	-99	-99	Asia	Asia	South-Eastern Asia	East Asia & Pacific	11	11	5	-99	1
1	Admin-0 country	6	Palau	PLW	0	2	Sovereign country	Palau	PLW	0	Palau	PLW	0	Palau	PLW	0	Palau	Palau	PLW	Palau		Palau	PW	Republic of Palau				Palau		2	5	1	12	20796	164	-99	2010	-99	6. Developing region	3. Upper middle income	-99		PW	PLW	585	585	PW	PLW	-99	PLW	PLW	-99	-99	Oceania	Oceania	Micronesia	East Asia & Pacific	5	5	5	2	1
1	Admin-0 country	2	Papua New Guinea	PNG	0	2	Sovereign country	Papua New Guinea	PNG	0	Papua New Guinea	PNG	1	Papua New Guinea	PN1	0	Papua New Guinea	Papua New Guinea	PN1	Papua New Guinea		P.N.G.	PG	Independent State of Papua New Guinea				Papua New Guinea		4	2	3	1	6057263	13210	-99	2000	-99	6. Developing region	4. Lower middle income	-99		PG	PNG	598	598	PG	PNG	-99	PNG	PNG	-99	-99	Oceania	Oceania	Melanesia	East Asia & Pacific	16	16	6	-99	1
1	Admin-0 country	3	Poland	POL	0	2	Sovereign country	Poland	POL	0	Poland	POL	0	Poland	POL	0	Poland	Poland	POL	Poland		Pol.	PL	Republic of Poland				Poland		3	7	1	2	38482919	667900	-99	2011	-99	2. Developed region: nonG7	1. High income: OECD	-99		PL	POL	616	616	PL	POL	-99	POL	POL	-99	-99	Europe	Europe	Eastern Europe	Europe & Central Asia	6	6	4	-99	1
1	Admin-0 country	5	United States of America	US1	1	2	Dependency	Puerto Rico	PRI	0	Puerto Rico	PRI	0	Puerto Rico	PRI	0	Puerto Rico	Puerto Rico	PRI	Puerto Rico		P.R.	PR	Commonwealth of Puerto Rico		Commonwealth of U.S.A.		Puerto Rico		4	5	1	1	3971020	70230	-99	2010	-99	6. Developing region	2. High income: nonOECD	-99		PR	PRI	630	630	PR	PRI	-99	PRI	PRI	-99	-99	North America	Americas	Caribbean	Latin America & Caribbean	11	11	4	-99	-99
1	Admin-0 country	3	North Korea	PRK	0	2	Sovereign country	North Korea	PRK	0	North Korea	PRK	0	North Korea	PRK	0	Dem. Rep. Korea	Dem. Rep. Korea	PRK	Dem. Rep. Korea		N.K.	KP	Democratic People's Republic of Korea				Korea, Dem. Rep.		3	5	3	9	22665345	40000	-99	2009	-99	7. Least developed region	5. Low income	-99		KP	PRK	408	408	KP	PRK	-99	PRK	PRK	-99	-99	Asia	Asia	Eastern Asia	East Asia & Pacific	15	15	4	-99	1
1	Admin-0 country	2	Portugal	PRT	0	2	Sovereign country	Portugal	PRT	0	Portugal	PRT	1	Portugal	PR1	0	Portugal	Portugal	PR1	Portugal		Port.	P	Portuguese Republic				Portugal		1	7	1	4	10707924	208627	-99	2011	0	2. Developed region: nonG7	1. High income: OECD	-99		PT	PRT	620	620	PT	PRT	-99	PRT	PRT	-99	-99	Europe	Europe	Southern Europe	Europe & Central Asia	8	8	5	-99	1
1	Admin-0 country	4	Paraguay	PRY	0	2	Sovereign country	Paraguay	PRY	0	Paraguay	PRY	0	Paraguay	PRY	0	Paraguay	Paraguay	PRY	Paraguay		Para.	PY	Republic of Paraguay				Paraguay		6	3	6	2	6995655	28890	-99	2002	-99	5. Emerging region: G20	4. Lower middle income	-99		PY	PRY	600	600	PY	PRY	-99	PRY	PRY	-99	-99	South America	Americas	South America	Latin America & Caribbean	8	8	5	-99	1
1	Admin-0 country	5	Israel	ISR	1	2	Disputed	Palestine	PSX	0	Palestine	PSX	0	Palestine	PSX	0	Palestine	Palestine	PSX	Palestine		Pal.	PAL	West Bank and Gaza		Partial self-admin.	Partial self-admin.	Palestine (West Bank and Gaza)		3	2	5	8	4119083	11950.77	-99	2007	-99	6. Developing region	4. Lower middle income	-99		PS	PSE	275	275	GZ	WBG	-99	PSE	PSX	-99	-99	Asia	Asia	Western Asia	Middle East & North Africa	9	9	4	-99	-99
3	Admin-0 country	4	France	FR1	1	2	Dependency	French Polynesia	PYF	0	French Polynesia	PYF	0	French Polynesia	PYF	0	Fr. Polynesia	French Polynesia	PYF	Fr. Polynesia		Fr. Poly.	PF	French Polynesia		Fr.		French Polynesia		7	5	9	11	287032	4718	-99	2007	-99	6. Developing region	2. High income: nonOECD	-99		PF	PYF	258	258	PF	PYF	-99	PYF	PYF	-99	-99	Oceania	Oceania	Polynesia	East Asia & Pacific	13	16	9	2	-99
1	Admin-0 country	5	Qatar	QAT	0	2	Sovereign country	Qatar	QAT	0	Qatar	QAT	0	Qatar	QAT	0	Qatar	Qatar	QAT	Qatar		Qatar	QA	State of Qatar				Qatar		3	6	2	4	833285	91330	-99	2010	-99	6. Developing region	2. High income: nonOECD	-99		QA	QAT	634	634	QA	QAT	-99	QAT	QAT	-99	-99	Asia	Asia	Western Asia	Middle East & North Africa	5	5	5	-99	1
1	Admin-0 country	3	Romania	ROU	0	2	Sovereign country	Romania	ROU	0	Romania	ROU	0	Romania	ROU	0	Romania	Romania	ROU	Romania		Rom.	RO	Romania				Romania		1	4	3	13	22215421	271400	-99	2011	-99	2. Developed region: nonG7	3. Upper middle income	-99		RO	ROU	642	642	RO	ROM	-99	ROU	ROU	-99	-99	Europe	Europe	Eastern Europe	Europe & Central Asia	7	7	4	-99	1
1	Admin-0 country	2	Russia	RUS	0	2	Sovereign country	Russia	RUS	0	Russia	RUS	0	Russia	RUS	0	Russia	Russian Federation	RUS	Russia		Rus.	RUS	Russian Federation				Russian Federation		2	5	7	7	140041247	2266000	-99	2010	-99	3. Emerging region: BRIC	3. Upper middle income	-99		RU	RUS	643	643	RU	RUS	-99	RUS	RUS	-99	-99	Europe	Europe	Eastern Europe	Europe & Central Asia	6	18	4	-99	1
1	Admin-0 country	3	Rwanda	RWA	0	2	Sovereign country	Rwanda	RWA	0	Rwanda	RWA	0	Rwanda	RWA	0	Rwanda	Rwanda	RWA	Rwanda		Rwa.	RW	Republic of Rwanda				Rwanda		5	2	3	10	10473282	9706	-99	2002	-99	7. Least developed region	5. Low income	-99		RW	RWA	646	646	RW	RWA	-99	RWA	RWA	-99	-99	Africa	Africa	Eastern Africa	Sub-Saharan Africa	6	6	4	-99	1
1	Admin-0 country	2	Saudi Arabia	SAU	0	2	Sovereign country	Saudi Arabia	SAU	0	Saudi Arabia	SAU	0	Saudi Arabia	SAU	0	Saudi Arabia	Saudi Arabia	SAU	Saudi Arabia		Saud.	SA	Kingdom of Saudi Arabia				Saudi Arabia		6	1	6	7	28686633	576500	-99	2010	-99	2. Developed region: nonG7	2. High income: nonOECD	-99		SA	SAU	682	682	SA	SAU	-99	SAU	SAU	-99	-99	Asia	Asia	Western Asia	Middle East & North Africa	12	12	5	-99	1
1	Admin-0 country	3	Sudan	SDN	0	2	Sovereign country	Sudan	SDN	0	Sudan	SDN	0	Sudan	SDN	0	Sudan	Sudan	SDN	Sudan		Sudan	SD	Republic of the Sudan				Sudan		2	6	4	1	25946220	88080	-99	2008	-99	6. Developing region	4. Lower middle income	-99		SD	SDN	729	729	SD	SDN	-99	SDN	SDN	-99	-99	Africa	Africa	Northern Africa	Sub-Saharan Africa	5	5	5	-99	1
1	Admin-0 country	3	Senegal	SEN	0	2	Sovereign country	Senegal	SEN	0	Senegal	SEN	0	Senegal	SEN	0	Senegal	Senegal	SEN	Senegal		Sen.	SN	Republic of Senegal				Senegal		2	6	5	5	13711597	21980	-99	2002	-99	7. Least developed region	4. Lower middle income	-99		SN	SEN	686	686	SN	SEN	-99	SEN	SEN	-99	-99	Africa	Africa	Western Africa	Sub-Saharan Africa	7	7	4	-99	1
3	Admin-0 country	6	Singapore	SGP	0	2	Sovereign country	Singapore	SGP	0	Singapore	SGP	0	Singapore	SGP	0	Singapore	Singapore	SGP	Singapore		Sing.	SG	Republic of Singapore				Singapore		5	3	7	3	4657542	237300	-99	2010	-99	6. Developing region	2. High income: nonOECD	-99		SG	SGP	702	702	SG	SGP	-99	SGP	SGP	-99	-99	Asia	Asia	South-Eastern Asia	East Asia & Pacific	9	9	5	3	1
3	Admin-0 country	4	United Kingdom	GB1	1	2	Dependency	South Georgia and South Sandwich Islands	SGS	0	South Georgia and South Sandwich Islands	SGS	0	South Georgia and South Sandwich Islands	SGS	0	S. Geo. and S. Sandw. Is.	South Georgia and South Sandwich Islands	SGS	S. Geo. and S. Sandw. Is.		S.G. S.S. Is.	GS	South Georgia and South Sandwich Islands		U.K.		South Georgia and the Islands		6	6	6	3	30	0.3	-99	-99	-99	7. Least developed region	5. Low income	-99		GS	SGS	239	-099	-99	-99	-99	SGS	SGS	-99	-99	Seven seas (open ocean)	Seven seas (open ocean)	Seven seas (open ocean)	Antarctica	25	40	13	3	-99
3	Admin-0 country	6	United Kingdom	GB1	1	2	Dependency	Saint Helena	SHN	0	Saint Helena	SHN	0	Saint Helena	SHN	0	Saint Helena	Saint Helena	SHN	Saint Helena		St.H.	SH			U.K.		St. Helena		6	6	6	3	7637	18	-99	-99	-99	6. Developing region	4. Lower middle income	-99		SH	SHN	654	654	-99	-99	-99	SHN	SHN	-99	-99	Seven seas (open ocean)	Africa	Western Africa	Sub-Saharan Africa	12	12	5	-99	-99
1	Admin-0 country	3	Solomon Islands	SLB	0	2	Sovereign country	Solomon Islands	SLB	0	Solomon Islands	SLB	0	Solomon Islands	SLB	0	Solomon Is.	Solomon Islands	SLB	Solomon Is.		S. Is.	SB					Solomon Islands		1	4	1	6	595613	1078	-99	2009	-99	7. Least developed region	4. Lower middle income	-99		SB	SLB	090	090	SB	SLB	-99	SLB	SLB	-99	-99	Oceania	Oceania	Melanesia	East Asia & Pacific	11	15	6	-99	1
1	Admin-0 country	4	Sierra Leone	SLE	0	2	Sovereign country	Sierra Leone	SLE	0	Sierra Leone	SLE	0	Sierra Leone	SLE	0	Sierra Leone	Sierra Leone	SLE	Sierra Leone		S.L.	SL	Republic of Sierra Leone				Sierra Leone		1	4	1	7	6440053	4285	-99	2004	-99	7. Least developed region	5. Low income	-99		SL	SLE	694	694	SL	SLE	-99	SLE	SLE	-99	-99	Africa	Africa	Western Africa	Sub-Saharan Africa	12	12	4	-99	1
1	Admin-0 country	6	El Salvador	SLV	0	2	Sovereign country	El Salvador	SLV	0	El Salvador	SLV	0	El Salvador	SLV	0	El Salvador	El Salvador	SLV	El Salvador		El. S.	SV	Republic of El Salvador				El Salvador		1	4	6	8	7185218	43630	-99	2007	-99	6. Developing region	4. Lower middle income	-99		SV	SLV	222	222	SV	SLV	-99	SLV	SLV	-99	-99	North America	Americas	Central America	Latin America & Caribbean	11	11	6	-99	1
3	Admin-0 country	6	San Marino	SMR	0	2	Sovereign country	San Marino	SMR	0	San Marino	SMR	0	San Marino	SMR	0	San Marino	San Marino	SMR	San Marino		S.M.	RSM	Republic of San Marino				San Marino		2	3	1	6	30324	1662	-99	2010	-99	2. Developed region: nonG7	2. High income: nonOECD	-99		SM	SMR	674	674	SM	SMR	-99	SMR	SMR	-99	-99	Europe	Europe	Southern Europe	Europe & Central Asia	10	10	4	5	1
1	Admin-0 country	6	Somalia	SOM	0	2	Sovereign country	Somalia	SOM	0	Somalia	SOM	0	Somalia	SOM	0	Somalia	Somalia	SOM	Somalia		Som.	SO	Federal Republic of Somalia				Somalia		2	8	6	7	9832017	5524	-99	1987	-99	7. Least developed region	5. Low income	-99		SO	SOM	706	706	SO	SOM	-99	SOM	SOM	-99	-99	Africa	Africa	Eastern Africa	Sub-Saharan Africa	7	7	4	-99	1
3	Admin-0 country	4	France	FR1	1	2	Dependency	Saint Pierre and Miquelon	SPM	0	Saint Pierre and Miquelon	SPM	0	Saint Pierre and Miquelon	SPM	0	St. Pierre and Miquelon	Saint Pierre and Miquelon	SPM	St. Pierre and Miquelon		St. P.M.	PM	Saint Pierre and Miquelon		Fr.		St. Pierre and Miquelon		7	5	9	11	7051	48.3	-99	-99	-99	2. Developed region: nonG7	3. Upper middle income	-99		PM	SPM	666	666	-99	-99	-99	SPM	SPM	-99	-99	North America	Americas	Northern America	North America	23	25	8	3	-99
1	Admin-0 country	5	Republic of Serbia	SRB	0	2	Sovereign country	Republic of Serbia	SRB	0	Republic of Serbia	SRB	0	Republic of Serbia	SRB	0	Serbia	Serbia	SRB	Serbia		Serb.	RS	Republic of Serbia				Serbia		3	3	2	10	7379339	80340	-99	2011	-99	6. Developing region	3. Upper middle income	-99		RS	SRB	688	688	YF	SRB	-99	SRB	SRB	-99	-99	Europe	Europe	Southern Europe	Europe & Central Asia	6	6	5	-99	1
1	Admin-0 country	3	South Sudan	SDS	0	2	Sovereign country	South Sudan	SDS	0	South Sudan	SDS	0	South Sudan	SDS	0	S. Sudan	South Sudan	SDS	S. Sudan		S. Sud.	SS	Republic of South Sudan				South Sudan		1	3	3	5	10625176	13227	-99	2008	-99	7. Least developed region	5. Low income	-99		SS	SSD	728	728	SS	SSD	-99	SSD	SDS	-99	-99	Africa	Africa	Eastern Africa	Sub-Saharan Africa	8	11	7	-99	1
1	Admin-0 country	6	Sao Tome and Principe	STP	0	2	Sovereign country	Sao Tome and Principe	STP	0	Sao Tome and Principe	STP	0	Sao Tome and Principe	STP	0	São Tomé and Principe	São Tomé and Principe	STP	Sao Tome and Principe		S.T.P.	ST	Democratic Republic of São Tomé and Principe				São Tomé and Principe		1	6	1	7	212679	276.5	-99	2001	-99	7. Least developed region	4. Lower middle income	-99		ST	STP	678	678	ST	STP	-99	STP	STP	-99	-99	Africa	Africa	Middle Africa	Sub-Saharan Africa	21	21	6	3	1
1	Admin-0 country	4	Suriname	SUR	0	2	Sovereign country	Suriname	SUR	0	Suriname	SUR	0	Suriname	SUR	0	Suriname	Suriname	SUR	Suriname		Sur.	SR	Republic of Suriname				Suriname		1	4	7	6	481267	4254	-99	2004	-99	6. Developing region	3. Upper middle income	-99		SR	SUR	740	740	SR	SUR	-99	SUR	SUR	-99	-99	South America	Americas	South America	Latin America & Caribbean	8	8	4	-99	1
1	Admin-0 country	6	Slovakia	SVK	0	2	Sovereign country	Slovakia	SVK	0	Slovakia	SVK	0	Slovakia	SVK	0	Slovakia	Slovakia	SVK	Slovakia		Svk.	SK	Slovak Republic				Slovak Republic		2	4	4	9	5463046	119500	-99	2011	-99	2. Developed region: nonG7	1. High income: OECD	-99		SK	SVK	703	703	SK	SVK	-99	SVK	SVK	-99	-99	Europe	Europe	Eastern Europe	Europe & Central Asia	8	8	4	-99	1
1	Admin-0 country	6	Slovenia	SVN	0	2	Sovereign country	Slovenia	SVN	0	Slovenia	SVN	0	Slovenia	SVN	0	Slovenia	Slovenia	SVN	Slovenia		Slo.	SLO	Republic of Slovenia				Slovenia		2	3	2	12	2005692	59340	-99	2011	-99	2. Developed region: nonG7	1. High income: OECD	-99		SI	SVN	705	705	SI	SVN	-99	SVN	SVN	-99	-99	Europe	Europe	Southern Europe	Europe & Central Asia	8	8	4	-99	1
1	Admin-0 country	3	Sweden	SWE	0	2	Sovereign country	Sweden	SWE	0	Sweden	SWE	0	Sweden	SWE	0	Sweden	Sweden	SWE	Sweden		Swe.	S	Kingdom of Sweden				Sweden		1	4	2	4	9059651	344300	-99	-99	-99	2. Developed region: nonG7	1. High income: OECD	-99		SE	SWE	752	752	SE	SWE	-99	SWE	SWE	-99	-99	Europe	Europe	Northern Europe	Europe & Central Asia	6	6	4	-99	1
1	Admin-0 country	4	Swaziland	SWZ	0	2	Sovereign country	Swaziland	SWZ	0	Swaziland	SWZ	0	Swaziland	SWZ	0	Swaziland	Swaziland	SWZ	Swaziland		Swz.	SW	Kingdom of Swaziland				Swaziland		3	6	2	5	1123913	5702	-99	2007	-99	6. Developing region	4. Lower middle income	-99		SZ	SWZ	748	748	SZ	SWZ	-99	SWZ	SWZ	-99	-99	Africa	Africa	Southern Africa	Sub-Saharan Africa	9	9	4	-99	1
3	Admin-0 country	6	Netherlands	NL1	1	2	Country	Sint Maarten	SXM	0	Sint Maarten	SXM	0	Sint Maarten	SXM	0	Sint Maarten	Sint Maarten	SXM	Sint Maarten		St. M.	SX	Sint Maarten (Dutch part)		Neth.		St. Maarten (Dutch part)		4	2	2	9	37429	400	-99	-99	-99	6. Developing region	2. High income: nonOECD	-99		SX	SXM	534	534	SX	SXM	-99	SXM	SXM	-99	-99	North America	Americas	Caribbean	Latin America & Caribbean	12	12	6	4	-99
1	Admin-0 country	6	Seychelles	SYC	0	2	Sovereign country	Seychelles	SYC	0	Seychelles	SYC	0	Seychelles	SYC	0	Seychelles	Seychelles	SYC	Seychelles		Syc.	SC	Republic of Seychelles				Seychelles		5	8	3	1	87476	1715	-99	2010	-99	6. Developing region	3. Upper middle income	-99		SC	SYC	690	690	SC	SYC	-99	SYC	SYC	-99	-99	Seven seas (open ocean)	Africa	Eastern Africa	Sub-Saharan Africa	10	10	4	2	1
1	Admin-0 country	3	Syria	SYR	0	2	Sovereign country	Syria	SYR	0	Syria	SYR	0	Syria	SYR	0	Syria	Syria	SYR	Syria		Syria	SYR	Syrian Arab Republic				Syrian Arab Republic		2	6	2	6	20178485	98830	-99	2004	-99	6. Developing region	4. Lower middle income	-99		SY	SYR	760	760	SY	SYR	-99	SYR	SYR	-99	-99	Asia	Asia	Western Asia	Middle East & North Africa	5	5	5	-99	1
3	Admin-0 country	6	United Kingdom	GB1	1	2	Dependency	Turks and Caicos Islands	TCA	0	Turks and Caicos Islands	TCA	0	Turks and Caicos Islands	TCA	0	Turks and Caicos Is.	Turks and Caicos Islands	TCA	Turks and Caicos Is.		T.C. Is.	TC	Turks and Caicos Islands		U.K.		Turks and Caicos Islands		6	6	6	3	22942	216	-99	2001	-99	6. Developing region	2. High income: nonOECD	-99		TC	TCA	796	796	TC	TCA	-99	TCA	TCA	-99	-99	North America	Americas	Caribbean	Latin America & Caribbean	20	24	8	-99	-99
1	Admin-0 country	3	Chad	TCD	0	2	Sovereign country	Chad	TCD	0	Chad	TCD	0	Chad	TCD	0	Chad	Chad	TCD	Chad		Chad	TD	Republic of Chad				Chad		6	1	8	6	10329208	15860	-99	2009	-99	7. Least developed region	5. Low income	-99		TD	TCD	148	148	TD	TCD	-99	TCD	TCD	-99	-99	Africa	Africa	Middle Africa	Sub-Saharan Africa	4	4	4	-99	1
1	Admin-0 country	6	Togo	TGO	0	2	Sovereign country	Togo	TGO	0	Togo	TGO	0	Togo	TGO	0	Togo	Togo	TGO	Togo		Togo	TG	Togolese Republic	République Togolaise			Togo		3	1	3	5	6019877	5118	-99	2010	-99	7. Least developed region	5. Low income	-99		TG	TGO	768	768	TG	TGO	-99	TGO	TGO	-99	-99	Africa	Africa	Western Africa	Sub-Saharan Africa	4	4	4	-99	1
1	Admin-0 country	3	Thailand	THA	0	2	Sovereign country	Thailand	THA	0	Thailand	THA	0	Thailand	THA	0	Thailand	Thailand	THA	Thailand		Thai.	TH	Kingdom of Thailand				Thailand		3	6	8	1	65905410	547400	-99	2010	-99	5. Emerging region: G20	3. Upper middle income	-99		TH	THA	764	764	TH	THA	-99	THA	THA	-99	-99	Asia	Asia	South-Eastern Asia	East Asia & Pacific	8	8	5	-99	1
1	Admin-0 country	4	Tajikistan	TJK	0	2	Sovereign country	Tajikistan	TJK	0	Tajikistan	TJK	0	Tajikistan	TJK	0	Tajikistan	Tajikistan	TJK	Tajikistan		Tjk.	TJ	Republic of Tajikistan				Tajikistan		3	6	2	5	7349145	13160	-99	2010	-99	6. Developing region	5. Low income	-99		TJ	TJK	762	762	TJ	TJK	-99	TJK	TJK	-99	-99	Asia	Asia	Central Asia	Europe & Central Asia	10	10	4	-99	1
1	Admin-0 country	4	Turkmenistan	TKM	0	2	Sovereign country	Turkmenistan	TKM	0	Turkmenistan	TKM	0	Turkmenistan	TKM	0	Turkmenistan	Turkmenistan	TKM	Turkmenistan		Turkm.	TM	Turkmenistan				Turkmenistan		3	2	1	9	4884887	29780	-99	1995	-99	6. Developing region	3. Upper middle income	-99		TM	TKM	795	795	TM	TKM	-99	TKM	TKM	-99	-99	Asia	Asia	Central Asia	Europe & Central Asia	12	12	6	-99	1
1	Admin-0 country	5	East Timor	TLS	0	2	Sovereign country	East Timor	TLS	0	East Timor	TLS	0	East Timor	TLS	0	Timor-Leste	Timor-Leste	TLS	Timor-Leste		T.L.	TL	Democratic Republic of Timor-Leste				Timor-Leste	East Timor	2	2	4	3	1131612	2520	-99	2010	-99	7. Least developed region	4. Lower middle income	-99		TL	TLS	626	626	TP	TMP	-99	TLS	TLS	-99	-99	Asia	Asia	South-Eastern Asia	East Asia & Pacific	11	11	4	-99	1
3	Admin-0 country	4	Tonga	TON	0	2	Sovereign country	Tonga	TON	0	Tonga	TON	0	Tonga	TON	0	Tonga	Tonga	TON	Tonga		Tongo	TO	Kingdom of Tonga				Tonga		2	1	1	8	120898	549	-99	2006	-99	6. Developing region	4. Lower middle income	-99		TO	TON	776	776	TO	TON	-99	TON	TON	-99	-99	Oceania	Oceania	Polynesia	East Asia & Pacific	5	5	5	3	1
1	Admin-0 country	5	Trinidad and Tobago	TTO	0	2	Sovereign country	Trinidad and Tobago	TTO	0	Trinidad and Tobago	TTO	0	Trinidad and Tobago	TTO	0	Trinidad and Tobago	Trinidad and Tobago	TTO	Trinidad and Tobago		Tr.T.	TT	Republic of Trinidad and Tobago				Trinidad and Tobago		5	6	2	5	1310000	29010	-99	2011	-99	6. Developing region	2. High income: nonOECD	-99		TT	TTO	780	780	TT	TTO	-99	TTO	TTO	-99	-99	North America	Americas	Caribbean	Latin America & Caribbean	19	19	5	2	1
1	Admin-0 country	3	Tunisia	TUN	0	2	Sovereign country	Tunisia	TUN	0	Tunisia	TUN	0	Tunisia	TUN	0	Tunisia	Tunisia	TUN	Tunisia		Tun.	TN	Republic of Tunisia				Tunisia		4	3	3	2	10486339	81710	-99	2004	-99	6. Developing region	3. Upper middle income	-99		TN	TUN	788	788	TN	TUN	-99	TUN	TUN	-99	-99	Africa	Africa	Northern Africa	Middle East & North Africa	7	7	4	-99	1
1	Admin-0 country	2	Turkey	TUR	0	2	Sovereign country	Turkey	TUR	0	Turkey	TUR	0	Turkey	TUR	0	Turkey	Turkey	TUR	Turkey		Tur.	TR	Republic of Turkey				Turkey		6	3	8	4	76805524	902700	-99	2000	-99	4. Emerging region: MIKT	3. Upper middle income	-99		TR	TUR	792	792	TR	TUR	-99	TUR	TUR	-99	-99	Asia	Asia	Western Asia	Europe & Central Asia	6	6	4	-99	1
1	Admin-0 country	3	Taiwan	TWN	0	2	Sovereign country	Taiwan	TWN	0	Taiwan	TWN	0	Taiwan	TWN	1	Taiwan	Taiwan	B77	Taiwan		Taiwan	TW				Self admin.; Claimed by China	Taiwan		1	5	7	2	22974347	712000	-99	-99	-99	2. Developed region: nonG7	2. High income: nonOECD	-99		TW	TWN	158	-099	-99	-99	-99	TWN	TWN	-99	-99	Asia	Asia	Eastern Asia	East Asia & Pacific	6	6	6	-99	1
1	Admin-0 country	3	United Republic of Tanzania	TZA	0	2	Sovereign country	United Republic of Tanzania	TZA	0	Tanzania	TZA	0	Tanzania	TZA	0	Tanzania	Tanzania	TZA	Tanzania		Tanz.	TZ	United Republic of Tanzania				Tanzania		3	6	2	2	41048532	54250	-99	2002	-99	7. Least developed region	5. Low income	-99		TZ	TZA	834	834	TZ	TZA	-99	TZA	TZA	-99	-99	Africa	Africa	Eastern Africa	Sub-Saharan Africa	8	8	5	-99	1
1	Admin-0 country	3	Uganda	UGA	0	2	Sovereign country	Uganda	UGA	0	Uganda	UGA	0	Uganda	UGA	0	Uganda	Uganda	UGA	Uganda		Uga.	UG	Republic of Uganda				Uganda		6	3	6	4	32369558	39380	-99	2002	-99	7. Least developed region	5. Low income	-99		UG	UGA	800	800	UG	UGA	-99	UGA	UGA	-99	-99	Africa	Africa	Eastern Africa	Sub-Saharan Africa	6	6	4	-99	1
1	Admin-0 country	3	Ukraine	UKR	0	2	Sovereign country	Ukraine	UKR	0	Ukraine	UKR	0	Ukraine	UKR	0	Ukraine	Ukraine	UKR	Ukraine		Ukr.	UA	Ukraine				Ukraine		5	1	6	3	45700395	339800	-99	2001	-99	6. Developing region	4. Lower middle income	-99		UA	UKR	804	804	UA	UKR	-99	UKR	UKR	-99	-99	Europe	Europe	Eastern Europe	Europe & Central Asia	7	7	4	-99	1
1	Admin-0 country	4	Uruguay	URY	0	2	Sovereign country	Uruguay	URY	0	Uruguay	URY	0	Uruguay	URY	0	Uruguay	Uruguay	URY	Uruguay		Ury.	UY	Oriental Republic of Uruguay				Uruguay		1	2	2	10	3494382	43160	-99	2004	-99	5. Emerging region: G20	3. Upper middle income	-99		UY	URY	858	858	UY	URY	-99	URY	URY	-99	-99	South America	Americas	South America	Latin America & Caribbean	7	7	4	-99	1
1	Admin-0 country	2	United States of America	US1	1	2	Country	United States of America	USA	0	United States of America	USA	0	United States of America	USA	0	United States	United States	USA	United States		U.S.A.	US	United States of America				United States of America		4	5	1	1	313973000	15094000	0	2010	0	1. Developed region: G7	1. High income: OECD	0		US	USA	840	840	US	USA	-99	USA	USA	-99	-99	North America	Americas	Northern America	North America	13	13	6	-99	1
1	Admin-0 country	3	Uzbekistan	UZB	0	2	Sovereign country	Uzbekistan	UZB	0	Uzbekistan	UZB	0	Uzbekistan	UZB	0	Uzbekistan	Uzbekistan	UZB	Uzbekistan		Uzb.	UZ	Republic of Uzbekistan				Uzbekistan		2	3	5	4	27606007	71670	-99	1989	-99	6. Developing region	4. Lower middle income	-99		UZ	UZB	860	860	UZ	UZB	-99	UZB	UZB	-99	-99	Asia	Asia	Central Asia	Europe & Central Asia	10	10	4	5	1
6	Admin-0 country	6	Vatican	VAT	0	2	Sovereign country	Vatican	VAT	0	Vatican	VAT	0	Vatican	VAT	0	Vatican	Vatican	VAT	Vatican		Vat.	V	State of the Vatican City				Vatican (Holy Sea)	Holy Sea	1	3	4	2	832	355	0	-99	0	2. Developed region: nonG7	2. High income: nonOECD	0		VA	VAT	336	336	-99	-99	-99	VAT	VAT	-99	-99	Europe	Europe	Southern Europe	Europe & Central Asia	7	7	4	4	1
1	Admin-0 country	6	Saint Vincent and the Grenadines	VCT	0	2	Sovereign country	Saint Vincent and the Grenadines	VCT	0	Saint Vincent and the Grenadines	VCT	0	Saint Vincent and the Grenadines	VCT	0	St. Vin. and Gren.	Saint Vincent and the Grenadines	VCT	St. Vin. and Gren.		St.V.G.	VC	Saint Vincent and the Grenadines				St. Vincent and the Grenadines		1	1	5	7	104574	1070	-99	2011	-99	6. Developing region	3. Upper middle income	-99		VC	VCT	670	670	VC	VCT	-99	VCT	VCT	-99	-99	North America	Americas	Caribbean	Latin America & Caribbean	18	32	7	-99	1
1	Admin-0 country	3	Venezuela	VEN	0	2	Sovereign country	Venezuela	VEN	0	Venezuela	VEN	0	Venezuela	VEN	0	Venezuela	Venezuela	VEN	Venezuela		Ven.	VE	Bolivarian Republic of Venezuela	República Bolivariana de Venezuela			Venezuela, RB		1	3	1	4	26814843	357400	-99	2001	-99	5. Emerging region: G20	3. Upper middle income	-99		VE	VEN	862	862	VE	VEN	-99	VEN	VEN	-99	-99	South America	Americas	South America	Latin America & Caribbean	9	9	4	-99	1
3	Admin-0 country	6	United Kingdom	GB1	1	2	Dependency	British Virgin Islands	VGB	0	British Virgin Islands	VGB	0	British Virgin Islands	VGB	0	British Virgin Is.	British Virgin Islands	VGB	British Virgin Is.		V.I. (Br.)	VG	British Virgin Islands		U.K.		British Virgin Islands		6	6	6	3	24491	853.4	-99	-99	-99	2. Developed region: nonG7	1. High income: OECD	-99		VG	VGB	092	092	-99	-99	-99	VGB	VGB	-99	-99	North America	Americas	Caribbean	Latin America & Caribbean	18	22	10	3	-99
3	Admin-0 country	6	United States of America	US1	1	2	Dependency	United States Virgin Islands	VIR	0	United States Virgin Islands	VIR	0	United States Virgin Islands	VIR	0	U.S. Virgin Is.	United States Virgin Islands	VIR	U.S. Virgin Is.		V.I. (U.S.)	VI	Virgin Islands of the United States		U.S.A.		Virgin Islands (U.S.)		4	5	1	1	109825	1577	-99	2010	-99	6. Developing region	2. High income: nonOECD	-99		VI	VIR	850	850	VI	VIR	-99	VIR	VIR	-99	-99	North America	Americas	Caribbean	Latin America & Caribbean	15	28	11	3	-99
1	Admin-0 country	2	Vietnam	VNM	0	2	Sovereign country	Vietnam	VNM	0	Vietnam	VNM	0	Vietnam	VNM	0	Vietnam	Vietnam	VNM	Vietnam		Viet.	VN	Socialist Republic of Vietnam				Vietnam		5	6	5	4	86967524	241700	-99	2009	-99	5. Emerging region: G20	4. Lower middle income	-99		VN	VNM	704	704	VN	VNM	-99	VNM	VNM	-99	-99	Asia	Asia	South-Eastern Asia	East Asia & Pacific	7	7	5	2	1
1	Admin-0 country	4	Vanuatu	VUT	0	2	Sovereign country	Vanuatu	VUT	0	Vanuatu	VUT	0	Vanuatu	VUT	0	Vanuatu	Vanuatu	VUT	Vanuatu		Van.	VU	Republic of Vanuatu				Vanuatu		6	3	7	3	218519	988.5	-99	2009	-99	7. Least developed region	4. Lower middle income	-99		VU	VUT	548	548	VU	VUT	-99	VUT	VUT	-99	-99	Oceania	Oceania	Melanesia	East Asia & Pacific	7	7	4	2	1
3	Admin-0 country	4	France	FR1	1	2	Dependency	Wallis and Futuna	WLF	0	Wallis and Futuna	WLF	0	Wallis and Futuna	WLF	0	Wallis and Futuna Is.	Wallis and Futuna Islands	WLF	Wallis and Futuna Islands		Wlf.	WF	Wallis and Futuna Islands		Fr.		Wallis and Futuna		7	5	9	11	15289	60	-99	-99	-99	6. Developing region	4. Lower middle income	-99		WF	WLF	876	876	-99	-99	-99	WLF	WLF	-99	-99	Oceania	Oceania	Polynesia	East Asia & Pacific	21	25	4	3	-99
1	Admin-0 country	4	Samoa	WSM	0	2	Sovereign country	Samoa	WSM	0	Samoa	WSM	0	Samoa	WSM	0	Samoa	Samoa	WSM	Samoa		Samoa	WS	Independent State of Samoa				Samoa		3	3	4	6	219998	1049	-99	2006	-99	7. Least developed region	4. Lower middle income	-99		WS	WSM	882	882	WS	WSM	-99	WSM	WSM	-99	-99	Oceania	Oceania	Polynesia	East Asia & Pacific	5	5	5	-99	1
1	Admin-0 country	3	Yemen	YEM	0	2	Sovereign country	Yemen	YEM	0	Yemen	YEM	0	Yemen	YEM	0	Yemen	Yemen	YEM	Yemen		Yem.	YE	Republic of Yemen				Yemen, Rep.		5	3	3	11	23822783	55280	-99	2004	-99	7. Least developed region	4. Lower middle income	-99		YE	YEM	887	887	RY	YEM	-99	YEM	YEM	-99	-99	Asia	Asia	Western Asia	Middle East & North Africa	5	5	4	-99	1
1	Admin-0 country	2	South Africa	ZAF	0	2	Sovereign country	South Africa	ZAF	0	South Africa	ZAF	0	South Africa	ZAF	0	South Africa	South Africa	ZAF	South Africa		S.Af.	ZA	Republic of South Africa				South Africa		2	3	4	2	49052489	491000	-99	2001	-99	5. Emerging region: G20	3. Upper middle income	-99		ZA	ZAF	710	710	ZA	ZAF	-99	ZAF	ZAF	-99	-99	Africa	Africa	Southern Africa	Sub-Saharan Africa	12	12	5	-99	1
1	Admin-0 country	3	Zambia	ZMB	0	2	Sovereign country	Zambia	ZMB	0	Zambia	ZMB	0	Zambia	ZMB	0	Zambia	Zambia	ZMB	Zambia		Zambia	ZM	Republic of Zambia				Zambia		5	8	5	13	11862740	17500	-99	2010	-99	7. Least developed region	4. Lower middle income	-99		ZM	ZMB	894	894	ZM	ZMB	-99	ZMB	ZMB	-99	-99	Africa	Africa	Eastern Africa	Sub-Saharan Africa	6	6	6	-99	1
1	Admin-0 country	3	Zimbabwe	ZWE	0	2	Sovereign country	Zimbabwe	ZWE	0	Zimbabwe	ZWE	0	Zimbabwe	ZWE	0	Zimbabwe	Zimbabwe	ZWE	Zimbabwe		Zimb.	ZW	Republic of Zimbabwe				Zimbabwe		1	5	3	9	12619600	9323	0	2002	0	5. Emerging region: G20	5. Low income	-99		ZW	ZWE	716	716	ZW	ZWE	-99	ZWE	ZWE	-99	-99	Africa	Africa	Eastern Africa	Sub-Saharan Africa	8	8	5	-99	1
